{"v":"5.0.4","fr":30,"ip":0,"op":450,"w":185,"h":182,"nm":"01_no event","ddd":0,"assets":[{"id":"comp_29","layers":[{"ddd":0,"ind":1,"ty":4,"nm":"Fill 4","sr":1,"ks":{"o":{"a":0,"k":100,"ix":11},"r":{"a":0,"k":0,"ix":10},"p":{"a":0,"k":[42.069,35.684,0],"ix":2},"a":{"a":0,"k":[24.799,8.824,0],"ix":1},"s":{"a":0,"k":[100,100,100],"ix":6}},"ao":0,"shapes":[{"ty":"gr","it":[{"ty":"gr","it":[{"ind":0,"ty":"sh","ix":1,"ks":{"a":0,"k":{"i":[[0,0],[0,0],[0,0],[0,0],[0.37,0.29],[0,0]],"o":[[0,0],[0,0],[0,0],[-0.37,0.29],[0,0],[0,0]],"v":[[0,13.25],[42.11,13.25],[26.99,0],[21.68,4.15],[20.42,4.15],[15.11,0]],"c":true},"ix":2},"nm":"Path 1","mn":"ADBE Vector Shape - Group","hd":false},{"ty":"tr","p":{"a":0,"k":[3.74,2.35],"ix":2},"a":{"a":0,"k":[0,0],"ix":1},"s":{"a":0,"k":[100,100],"ix":3},"r":{"a":0,"k":0,"ix":6},"o":{"a":0,"k":100,"ix":7},"sk":{"a":0,"k":0,"ix":4},"sa":{"a":0,"k":0,"ix":5},"nm":"Transform"}],"nm":"Path","np":1,"cix":2,"ix":1,"mn":"ADBE Vector Group","hd":false},{"ty":"gr","it":[{"ind":0,"ty":"sh","ix":1,"ks":{"a":0,"k":{"i":[[0,0],[0,0],[0.15,0.4],[-0.32,0.28],[0,0],[-0.39,-0.31],[0,0],[0,0],[-0.37,-0.32],[0,0],[0.15,-0.4],[0.42,0]],"o":[[0,0],[-0.42,0],[-0.15,-0.4],[0,0],[0.37,-0.32],[0,0],[0,0],[0.39,-0.31],[0,0],[0.32,0.28],[-0.15,0.4],[0,0]],"v":[[48.57,17.65],[1.02,17.65],[0.07,16.99],[0.35,15.86],[18.14,0.25],[19.45,0.22],[24.79,4.39],[30.14,0.22],[31.45,0.25],[49.24,15.86],[49.53,16.99],[48.57,17.65]],"c":true},"ix":2},"nm":"Path 1","mn":"ADBE Vector Shape - Group","hd":false},{"ty":"tr","p":{"a":0,"k":[0,0],"ix":2},"a":{"a":0,"k":[0,0],"ix":1},"s":{"a":0,"k":[100,100],"ix":3},"r":{"a":0,"k":0,"ix":6},"o":{"a":0,"k":100,"ix":7},"sk":{"a":0,"k":0,"ix":4},"sa":{"a":0,"k":0,"ix":5},"nm":"Transform"}],"nm":"Path","np":1,"cix":2,"ix":2,"mn":"ADBE Vector Group","hd":false},{"ty":"mm","mm":1,"nm":"Merge Paths 1","mn":"ADBE Vector Filter - Merge","hd":false},{"ty":"fl","c":{"a":0,"k":[0.5098039215686274,0.011764705882352941,0.3411764705882353,1],"ix":4},"o":{"a":0,"k":100,"ix":5},"r":1,"nm":"Fill 1","mn":"ADBE Vector Graphic - Fill","hd":false},{"ty":"tr","p":{"a":0,"k":[0,0],"ix":2},"a":{"a":0,"k":[0,0],"ix":1},"s":{"a":0,"k":[100,100],"ix":3},"r":{"a":0,"k":0,"ix":6},"o":{"a":0,"k":100,"ix":7},"sk":{"a":0,"k":0,"ix":4},"sa":{"a":0,"k":0,"ix":5},"nm":"Transform"}],"nm":"Fill 4","np":4,"cix":2,"ix":1,"mn":"ADBE Vector Group","hd":false}],"ip":0,"op":450,"st":0,"bm":0},{"ddd":0,"ind":2,"ty":4,"nm":"Fill 3","sr":1,"ks":{"o":{"a":0,"k":100,"ix":11},"r":{"a":0,"k":0,"ix":10},"p":{"a":0,"k":[42.065,23.27,0],"ix":2},"a":{"a":0,"k":[24.795,10.31,0],"ix":1},"s":{"a":0,"k":[100,100,100],"ix":6}},"ao":0,"shapes":[{"ty":"gr","it":[{"ty":"gr","it":[{"ind":0,"ty":"sh","ix":1,"ks":{"a":0,"k":{"i":[[0,0],[0,0],[0,0]],"o":[[0,0],[0,0],[0,0]],"v":[[0,0],[20.8,16.25],[41.6,0]],"c":true},"ix":2},"nm":"Path 1","mn":"ADBE Vector Shape - Group","hd":false},{"ty":"tr","p":{"a":0,"k":[3.99,2.05],"ix":2},"a":{"a":0,"k":[0,0],"ix":1},"s":{"a":0,"k":[100,100],"ix":3},"r":{"a":0,"k":0,"ix":6},"o":{"a":0,"k":100,"ix":7},"sk":{"a":0,"k":0,"ix":4},"sa":{"a":0,"k":0,"ix":5},"nm":"Transform"}],"nm":"Path","np":1,"cix":2,"ix":1,"mn":"ADBE Vector Group","hd":false},{"ty":"gr","it":[{"ind":0,"ty":"sh","ix":1,"ks":{"a":0,"k":{"i":[[0,0],[0.19,0.14],[0,0],[-0.15,0.41],[-0.43,0],[0,0],[-0.14,-0.41],[0.34,-0.27],[0,0],[0.23,0]],"o":[[-0.22,0],[0,0],[-0.34,-0.27],[0.14,-0.41],[0,0],[0.43,0],[0.15,0.41],[0,0],[-0.18,0.14],[0,0]],"v":[[24.79,20.62],[24.16,20.4],[0.39,1.83],[0.06,0.69],[1.02,0],[48.57,0],[49.53,0.69],[49.2,1.83],[25.42,20.4],[24.79,20.62]],"c":true},"ix":2},"nm":"Path 1","mn":"ADBE Vector Shape - Group","hd":false},{"ty":"tr","p":{"a":0,"k":[0,0],"ix":2},"a":{"a":0,"k":[0,0],"ix":1},"s":{"a":0,"k":[100,100],"ix":3},"r":{"a":0,"k":0,"ix":6},"o":{"a":0,"k":100,"ix":7},"sk":{"a":0,"k":0,"ix":4},"sa":{"a":0,"k":0,"ix":5},"nm":"Transform"}],"nm":"Path","np":1,"cix":2,"ix":2,"mn":"ADBE Vector Group","hd":false},{"ty":"mm","mm":1,"nm":"Merge Paths 1","mn":"ADBE Vector Filter - Merge","hd":false},{"ty":"fl","c":{"a":0,"k":[0.5098039215686274,0.011764705882352941,0.3411764705882353,1],"ix":4},"o":{"a":0,"k":100,"ix":5},"r":1,"nm":"Fill 1","mn":"ADBE Vector Graphic - Fill","hd":false},{"ty":"tr","p":{"a":0,"k":[0,0],"ix":2},"a":{"a":0,"k":[0,0],"ix":1},"s":{"a":0,"k":[100,100],"ix":3},"r":{"a":0,"k":0,"ix":6},"o":{"a":0,"k":100,"ix":7},"sk":{"a":0,"k":0,"ix":4},"sa":{"a":0,"k":0,"ix":5},"nm":"Transform"}],"nm":"Fill 3","np":4,"cix":2,"ix":1,"mn":"ADBE Vector Group","hd":false}],"ip":0,"op":450,"st":0,"bm":0},{"ddd":0,"ind":3,"ty":4,"nm":"Fill 1","sr":1,"ks":{"o":{"a":0,"k":100,"ix":11},"r":{"a":0,"k":0,"ix":10},"p":{"a":0,"k":[41.34,28.74,0],"ix":2},"a":{"a":0,"k":[25.52,16.24,0],"ix":1},"s":{"a":0,"k":[100,100,100],"ix":6}},"ao":0,"shapes":[{"ty":"gr","it":[{"ty":"gr","it":[{"ind":0,"ty":"sh","ix":1,"ks":{"a":0,"k":{"i":[[0,0],[0,0],[0,0],[0,0]],"o":[[0,0],[0,0],[0,0],[0,0]],"v":[[0,28.26],[46.83,28.26],[46.83,0],[0,0]],"c":true},"ix":2},"nm":"Path 1","mn":"ADBE Vector Shape - Group","hd":false},{"ty":"tr","p":{"a":0,"k":[2.11,2.11],"ix":2},"a":{"a":0,"k":[0,0],"ix":1},"s":{"a":0,"k":[100,100],"ix":3},"r":{"a":0,"k":0,"ix":6},"o":{"a":0,"k":100,"ix":7},"sk":{"a":0,"k":0,"ix":4},"sa":{"a":0,"k":0,"ix":5},"nm":"Transform"}],"nm":"Path","np":1,"cix":2,"ix":1,"mn":"ADBE Vector Group","hd":false},{"ty":"gr","it":[{"ind":0,"ty":"sh","ix":1,"ks":{"a":0,"k":{"i":[[0,0],[0,0],[0,0.59],[0,0],[-0.58,0],[0,0],[0,-0.58],[0,0],[0.58,0]],"o":[[0,0],[-0.58,0],[0,0],[0,-0.58],[0,0],[0.58,0],[0,0],[0,0.59],[0,0]],"v":[[49.99,32.48],[1.05,32.48],[0,31.42],[0,1.05],[1.05,0],[49.99,0],[51.04,1.05],[51.04,31.42],[49.99,32.48]],"c":true},"ix":2},"nm":"Path 1","mn":"ADBE Vector Shape - Group","hd":false},{"ty":"tr","p":{"a":0,"k":[0,0],"ix":2},"a":{"a":0,"k":[0,0],"ix":1},"s":{"a":0,"k":[100,100],"ix":3},"r":{"a":0,"k":0,"ix":6},"o":{"a":0,"k":100,"ix":7},"sk":{"a":0,"k":0,"ix":4},"sa":{"a":0,"k":0,"ix":5},"nm":"Transform"}],"nm":"Path","np":1,"cix":2,"ix":2,"mn":"ADBE Vector Group","hd":false},{"ty":"mm","mm":1,"nm":"Merge Paths 1","mn":"ADBE Vector Filter - Merge","hd":false},{"ty":"fl","c":{"a":0,"k":[0.5098039215686274,0.011764705882352941,0.3411764705882353,1],"ix":4},"o":{"a":0,"k":100,"ix":5},"r":1,"nm":"Fill 1","mn":"ADBE Vector Graphic - Fill","hd":false},{"ty":"tr","p":{"a":0,"k":[0,0],"ix":2},"a":{"a":0,"k":[0,0],"ix":1},"s":{"a":0,"k":[100,100],"ix":3},"r":{"a":0,"k":0,"ix":6},"o":{"a":0,"k":100,"ix":7},"sk":{"a":0,"k":0,"ix":4},"sa":{"a":0,"k":0,"ix":5},"nm":"Transform"}],"nm":"Fill 1","np":4,"cix":2,"ix":1,"mn":"ADBE Vector Group","hd":false}],"ip":0,"op":450,"st":0,"bm":0}]}],"layers":[{"ddd":0,"ind":1,"ty":4,"nm":"Shape Layer 4","sr":1,"ks":{"o":{"a":0,"k":100,"ix":11},"r":{"a":0,"k":0,"ix":10},"p":{"a":0,"k":[92.5,91,0],"ix":2},"a":{"a":0,"k":[0,0,0],"ix":1},"s":{"a":0,"k":[100,100,100],"ix":6}},"ao":0,"shapes":[{"ty":"gr","it":[{"ty":"rc","d":1,"s":{"a":0,"k":[0.521,0.223],"ix":2},"p":{"a":0,"k":[0,0],"ix":3},"r":{"a":0,"k":0,"ix":4},"nm":"Rectangle Path 1","mn":"ADBE Vector Shape - Rect","hd":false},{"ty":"st","c":{"a":0,"k":[0.792156982422,0.333332974303,0.341175991881,1],"ix":3},"o":{"a":0,"k":100,"ix":4},"w":{"a":0,"k":2,"ix":5},"lc":1,"lj":1,"ml":4,"nm":"Stroke 1","mn":"ADBE Vector Graphic - Stroke","hd":false},{"ty":"fl","c":{"a":0,"k":[0.984314024682,0.984314024682,0.984314024682,1],"ix":4},"o":{"a":0,"k":100,"ix":5},"r":1,"nm":"Fill 1","mn":"ADBE Vector Graphic - Fill","hd":false},{"ty":"tr","p":{"a":0,"k":[186.261,50.611],"ix":2},"a":{"a":0,"k":[0,0],"ix":1},"s":{"a":0,"k":[100,100],"ix":3},"r":{"a":0,"k":0,"ix":6},"o":{"a":0,"k":100,"ix":7},"sk":{"a":0,"k":0,"ix":4},"sa":{"a":0,"k":0,"ix":5},"nm":"Transform"}],"nm":"Rectangle 1","np":3,"cix":2,"ix":1,"mn":"ADBE Vector Group","hd":false}],"ip":0,"op":450,"st":0,"bm":0},{"ddd":0,"ind":2,"ty":4,"nm":"flame Outlines","sr":1,"ks":{"o":{"a":0,"k":100,"ix":11},"r":{"a":0,"k":0,"ix":10},"p":{"a":0,"k":[142.5,106,0],"ix":2},"a":{"a":0,"k":[142.5,106,0],"ix":1},"s":{"a":0,"k":[100,100,100],"ix":6,"x":"var $bm_rt;\n$bm_rt = wiggle(0, 3);"}},"ao":0,"shapes":[{"ty":"gr","it":[{"ind":0,"ty":"sh","ix":1,"ks":{"a":0,"k":{"i":[[-0.828,0],[0,0.921],[1,1.608],[0,-0.613]],"o":[[0.828,0],[0,-0.613],[-1,1.608],[0,0.921]],"v":[[0,2.5],[1.5,0.833],[0,-2.5],[-1.5,0.833]],"c":true},"ix":2},"nm":"Path 1","mn":"ADBE Vector Shape - Group","hd":false},{"ty":"st","c":{"a":0,"k":[0.583999992819,0.638999968884,0.670999983245,1],"ix":3},"o":{"a":0,"k":100,"ix":4},"w":{"a":0,"k":0.5,"ix":5},"lc":1,"lj":1,"ml":4,"nm":"Stroke 1","mn":"ADBE Vector Graphic - Stroke","hd":false},{"ty":"fl","c":{"a":0,"k":[1,0.776000019148,0.375999989229,1],"ix":4},"o":{"a":0,"k":100,"ix":5},"r":1,"nm":"Fill 1","mn":"ADBE Vector Graphic - Fill","hd":false},{"ty":"tr","p":{"a":0,"k":[142.5,103.5],"ix":2},"a":{"a":0,"k":[0,0],"ix":1},"s":{"a":0,"k":[100,100],"ix":3},"r":{"a":0,"k":0,"ix":6},"o":{"a":0,"k":100,"ix":7},"sk":{"a":0,"k":0,"ix":4},"sa":{"a":0,"k":0,"ix":5},"nm":"Transform"}],"nm":"Group 1","np":3,"cix":2,"ix":1,"mn":"ADBE Vector Group","hd":false}],"ip":0,"op":599,"st":0,"bm":0},{"ddd":0,"ind":3,"ty":4,"nm":"markings","sr":1,"ks":{"o":{"a":0,"k":100,"ix":11},"r":{"a":0,"k":0,"ix":10},"p":{"a":0,"k":[142.868,109.428,0],"ix":2},"a":{"a":0,"k":[142.368,110.428,0],"ix":1},"s":{"a":0,"k":[100,100,100],"ix":6}},"ao":0,"shapes":[{"ty":"gr","it":[{"ind":0,"ty":"sh","ix":1,"ks":{"a":0,"k":{"i":[[0,0],[3.31,-13.522],[0.523,29.208],[3.685,8.385]],"o":[[-8.629,-8.861],[-2.309,9.43],[-0.219,-12.217],[0,0]],"v":[[19.835,-13.195],[-17.525,-8.021],[14.304,-3.278],[8.981,-25.93]],"c":false},"ix":2},"nm":"Path 1","mn":"ADBE Vector Shape - Group","hd":false},{"ty":"st","c":{"a":0,"k":[0.583999992819,0.638999968884,0.670999983245,1],"ix":3},"o":{"a":0,"k":100,"ix":4},"w":{"a":0,"k":1,"ix":5},"lc":1,"lj":1,"ml":4,"nm":"Stroke 1","mn":"ADBE Vector Graphic - Stroke","hd":false},{"ty":"tr","p":{"a":0,"k":[141.269,118.095],"ix":2},"a":{"a":0,"k":[0,0],"ix":1},"s":{"a":0,"k":[100,100],"ix":3},"r":{"a":0,"k":0,"ix":6},"o":{"a":0,"k":100,"ix":7},"sk":{"a":0,"k":0,"ix":4},"sa":{"a":0,"k":0,"ix":5},"nm":"Transform"}],"nm":"Group 1","np":2,"cix":2,"ix":1,"mn":"ADBE Vector Group","hd":false},{"ty":"tm","s":{"a":0,"k":0,"ix":1},"e":{"a":1,"k":[{"i":{"x":[0.4],"y":[1]},"o":{"x":[0.6],"y":[0]},"n":["0p4_1_0p6_0"],"t":55,"s":[0],"e":[100]},{"t":69}],"ix":2},"o":{"a":0,"k":0,"ix":3},"m":1,"ix":2,"nm":"Trim Paths 1","mn":"ADBE Vector Filter - Trim","hd":false}],"ip":0,"op":599,"st":0,"bm":0},{"ddd":0,"ind":4,"ty":4,"nm":"cake Outlines","sr":1,"ks":{"o":{"a":0,"k":100,"ix":11},"r":{"a":0,"k":0,"ix":10},"p":{"a":0,"k":[92.5,91,0],"ix":2},"a":{"a":0,"k":[92.5,91,0],"ix":1},"s":{"a":0,"k":[100,100,100],"ix":6}},"ao":0,"shapes":[{"ty":"gr","it":[{"ind":0,"ty":"sh","ix":1,"ks":{"a":0,"k":{"i":[[0,0],[0,0]],"o":[[0,0],[0,0]],"v":[[142.5,106.5],[142.5,107.916]],"c":false},"ix":2},"nm":"Path 1","mn":"ADBE Vector Shape - Group","hd":false},{"ty":"st","c":{"a":0,"k":[0.592000026329,0.592000026329,0.592000026329,1],"ix":3},"o":{"a":0,"k":100,"ix":4},"w":{"a":0,"k":1.5,"ix":5},"lc":3,"lj":1,"ml":4,"nm":"Stroke 1","mn":"ADBE Vector Graphic - Stroke","hd":false},{"ty":"tr","p":{"a":0,"k":[0,0],"ix":2},"a":{"a":0,"k":[0,0],"ix":1},"s":{"a":0,"k":[100,100],"ix":3},"r":{"a":0,"k":0,"ix":6},"o":{"a":0,"k":100,"ix":7},"sk":{"a":0,"k":0,"ix":4},"sa":{"a":0,"k":0,"ix":5},"nm":"Transform"}],"nm":"Group 2","np":2,"cix":2,"ix":1,"mn":"ADBE Vector Group","hd":false},{"ty":"gr","it":[{"ind":0,"ty":"sh","ix":1,"ks":{"a":0,"k":{"i":[[0,0],[0,0],[0,0],[0,0],[-0.022,0.132],[0,0],[0.909,0.143],[0.345,-0.227],[0,0],[0,0],[0.471,0],[0.247,-0.357],[0,0],[0,0],[0.477,0],[0.284,-0.315],[0,0],[0,0],[0.491,-0.078],[-0.129,-0.815],[0,0],[0,0]],"o":[[0,0],[0,0],[0,0],[0.051,-0.122],[0,0],[0.143,-0.908],[-0.415,-0.067],[0,0],[0,0],[-0.237,-0.398],[-0.441,0],[0,0],[0,0],[-0.283,-0.372],[-0.433,0],[0,0],[0,0],[-0.337,-0.355],[-0.815,0.128],[0,0],[0,0],[0,0]],"v":[[-4.855,4.508],[4.865,4.508],[5.105,2.9],[5.138,2.781],[5.247,2.398],[5.948,-2.033],[4.563,-3.938],[3.388,-3.685],[2.952,-3.398],[2.684,-3.846],[1.548,-4.492],[0.457,-3.918],[0.067,-3.349],[-0.352,-3.898],[-1.551,-4.492],[-2.67,-3.994],[-3.032,-3.593],[-3.404,-3.983],[-4.721,-4.43],[-5.963,-2.721],[-5.463,0.431],[-5.463,0.435]],"c":true},"ix":2},"nm":"Path 1","mn":"ADBE Vector Shape - Group","hd":false},{"ty":"st","c":{"a":0,"k":[0.592000026329,0.592000026329,0.592000026329,1],"ix":3},"o":{"a":0,"k":100,"ix":4},"w":{"a":0,"k":1,"ix":5},"lc":1,"lj":1,"ml":4,"nm":"Stroke 1","mn":"ADBE Vector Graphic - Stroke","hd":false},{"ty":"tr","p":{"a":0,"k":[142.482,115.992],"ix":2},"a":{"a":0,"k":[0,0],"ix":1},"s":{"a":0,"k":[100,100],"ix":3},"r":{"a":0,"k":0,"ix":6},"o":{"a":0,"k":100,"ix":7},"sk":{"a":0,"k":0,"ix":4},"sa":{"a":0,"k":0,"ix":5},"nm":"Transform"}],"nm":"Group 3","np":2,"cix":2,"ix":2,"mn":"ADBE Vector Group","hd":false},{"ty":"gr","it":[{"ind":0,"ty":"sh","ix":1,"ks":{"a":0,"k":{"i":[[0,0],[0,0],[0,0],[0,0],[-0.027,0.175],[0,0],[1.181,0.187],[0.435,-0.286],[0.665,0],[0.328,-0.477],[0.652,0],[0.367,-0.408],[0.673,-0.107],[-0.173,-1.088]],"o":[[0,0],[0,0],[0,0],[0.065,-0.156],[0,0],[0.187,-1.181],[-0.554,-0.088],[-0.318,-0.533],[-0.624,0],[-0.367,-0.48],[-0.592,0],[-0.437,-0.459],[-1.088,0.172],[0,0]],"v":[[-5.957,0.521],[-5.286,5.02],[5.296,5.02],[5.6,2.986],[5.74,2.488],[6.442,-1.943],[4.642,-4.421],[3.114,-4.092],[1.549,-4.98],[0.047,-4.189],[-1.551,-4.98],[-3.041,-4.316],[-4.799,-4.913],[-6.456,-2.63]],"c":true},"ix":2},"nm":"Path 1","mn":"ADBE Vector Shape - Group","hd":false},{"ty":"fl","c":{"a":0,"k":[0.952999997606,0.952999997606,0.952999997606,1],"ix":4},"o":{"a":0,"k":100,"ix":5},"r":1,"nm":"Fill 1","mn":"ADBE Vector Graphic - Fill","hd":false},{"ty":"tr","p":{"a":0,"k":[142.481,115.98],"ix":2},"a":{"a":0,"k":[0,0],"ix":1},"s":{"a":0,"k":[100,100],"ix":3},"r":{"a":0,"k":0,"ix":6},"o":{"a":0,"k":100,"ix":7},"sk":{"a":0,"k":0,"ix":4},"sa":{"a":0,"k":0,"ix":5},"nm":"Transform"}],"nm":"Group 4","np":2,"cix":2,"ix":3,"mn":"ADBE Vector Group","hd":false},{"ty":"gr","it":[{"ind":0,"ty":"sh","ix":1,"ks":{"a":0,"k":{"i":[[1.73,-0.235],[0,0.058],[-3.037,0],[0,-2.665],[0.001,-0.041],[1.882,0]],"o":[[-0.003,-0.058],[0,-2.665],[3.037,0],[0,0.041],[-1.632,-0.204],[-2.03,0]],"v":[[-5.496,2.5],[-5.5,2.326],[0,-2.5],[5.5,2.326],[5.498,2.45],[0.19,2.133]],"c":true},"ix":2},"nm":"Path 1","mn":"ADBE Vector Shape - Group","hd":false},{"ty":"st","c":{"a":0,"k":[0.592000026329,0.592000026329,0.592000026329,1],"ix":3},"o":{"a":0,"k":100,"ix":4},"w":{"a":0,"k":1,"ix":5},"lc":1,"lj":1,"ml":4,"nm":"Stroke 1","mn":"ADBE Vector Graphic - Stroke","hd":false},{"ty":"fl","c":{"a":0,"k":[0.611999990426,0.611999990426,0.611999990426,1],"ix":4},"o":{"a":0,"k":100,"ix":5},"r":1,"nm":"Fill 1","mn":"ADBE Vector Graphic - Fill","hd":false},{"ty":"tr","p":{"a":0,"k":[142.5,110.5],"ix":2},"a":{"a":0,"k":[0,0],"ix":1},"s":{"a":0,"k":[100,100],"ix":3},"r":{"a":0,"k":0,"ix":6},"o":{"a":0,"k":100,"ix":7},"sk":{"a":0,"k":0,"ix":4},"sa":{"a":0,"k":0,"ix":5},"nm":"Transform"}],"nm":"Group 5","np":3,"cix":2,"ix":4,"mn":"ADBE Vector Group","hd":false}],"ip":0,"op":599,"st":0,"bm":0},{"ddd":0,"ind":5,"ty":4,"nm":"calendar Outlines","sr":1,"ks":{"o":{"a":0,"k":100,"ix":11},"r":{"a":0,"k":0,"ix":10},"p":{"a":0,"k":[92.5,91,0],"ix":2},"a":{"a":0,"k":[92.5,91,0],"ix":1},"s":{"a":0,"k":[100,100,100],"ix":6}},"ao":0,"shapes":[{"ty":"gr","it":[{"ind":0,"ty":"sh","ix":1,"ks":{"a":0,"k":{"i":[[0,0],[0,-0.828],[0,0],[-0.828,0],[0,0],[0,0.828],[0,0],[0.828,0]],"o":[[-0.828,0],[0,0],[0,0.828],[0,0],[0.828,0],[0,0],[0,-0.828],[0,0]],"v":[[35.867,20.342],[34.367,21.842],[34.367,27],[35.867,28.5],[41,28.5],[42.5,27],[42.5,21.842],[41,20.342]],"c":true},"ix":2},"nm":"Path 1","mn":"ADBE Vector Shape - Group","hd":false},{"ind":1,"ty":"sh","ix":2,"ks":{"a":0,"k":{"i":[[0,0],[0,-0.828],[0,0],[-0.829,0],[0,0],[0,0.828],[0,0],[0.829,0]],"o":[[-0.829,0],[0,0],[0,0.828],[0,0],[0.829,0],[0,0],[0,-0.828],[0,0]],"v":[[22.929,20.342],[21.429,21.842],[21.429,27],[22.929,28.5],[28.061,28.5],[29.561,27],[29.561,21.842],[28.061,20.342]],"c":true},"ix":2},"nm":"Path 2","mn":"ADBE Vector Shape - Group","hd":false},{"ind":2,"ty":"sh","ix":3,"ks":{"a":0,"k":{"i":[[0,0],[0,-0.828],[0,0],[-0.829,0],[0,0],[0,0.828],[0,0],[0.829,0]],"o":[[-0.829,0],[0,0],[0,0.828],[0,0],[0.829,0],[0,0],[0,-0.828],[0,0]],"v":[[-2.947,20.342],[-4.447,21.842],[-4.447,27],[-2.947,28.5],[2.185,28.5],[3.685,27],[3.685,21.842],[2.185,20.342]],"c":true},"ix":2},"nm":"Path 3","mn":"ADBE Vector Shape - Group","hd":false},{"ind":3,"ty":"sh","ix":4,"ks":{"a":0,"k":{"i":[[0,0],[0,-0.828],[0,0],[-0.828,0],[0,0],[0,0.828],[0,0],[0.828,0]],"o":[[-0.828,0],[0,0],[0,0.828],[0,0],[0.828,0],[0,0],[0,-0.828],[0,0]],"v":[[-15.124,20.342],[-16.624,21.842],[-16.624,27],[-15.124,28.5],[-9.991,28.5],[-8.491,27],[-8.491,21.842],[-9.991,20.342]],"c":true},"ix":2},"nm":"Path 4","mn":"ADBE Vector Shape - Group","hd":false},{"ind":4,"ty":"sh","ix":5,"ks":{"a":0,"k":{"i":[[0,0],[0,-0.828],[0,0],[-0.828,0],[0,0],[0,0.828],[0,0],[0.828,0]],"o":[[-0.828,0],[0,0],[0,0.828],[0,0],[0.828,0],[0,0],[0,-0.828],[0,0]],"v":[[-28.062,20.342],[-29.562,21.842],[-29.562,27],[-28.062,28.5],[-22.929,28.5],[-21.429,27],[-21.429,21.842],[-22.929,20.342]],"c":true},"ix":2},"nm":"Path 5","mn":"ADBE Vector Shape - Group","hd":false},{"ind":5,"ty":"sh","ix":6,"ks":{"a":0,"k":{"i":[[0,0],[0,-0.828],[0,0],[-0.829,0],[0,0],[0,0.828],[0,0],[0.828,0]],"o":[[-0.829,0],[0,0],[0,0.828],[0,0],[0.828,0],[0,0],[0,-0.828],[0,0]],"v":[[-41,20.342],[-42.5,21.842],[-42.5,27],[-41,28.5],[-35.867,28.5],[-34.367,27],[-34.367,21.842],[-35.867,20.342]],"c":true},"ix":2},"nm":"Path 6","mn":"ADBE Vector Shape - Group","hd":false},{"ind":6,"ty":"sh","ix":7,"ks":{"a":0,"k":{"i":[[0,0],[0,-0.829],[0,0],[-0.828,0],[0,0],[0,0.829],[0,0],[0.828,0]],"o":[[-0.828,0],[0,0],[0,0.829],[0,0],[0.828,0],[0,0],[0,-0.829],[0,0]],"v":[[9.991,8.132],[8.491,9.632],[8.491,14.789],[9.991,16.289],[15.124,16.289],[16.624,14.789],[16.624,9.632],[15.124,8.132]],"c":true},"ix":2},"nm":"Path 7","mn":"ADBE Vector Shape - Group","hd":false},{"ind":7,"ty":"sh","ix":8,"ks":{"a":0,"k":{"i":[[0,0],[0,-0.829],[0,0],[-0.829,0],[0,0],[0,0.829],[0,0],[0.829,0]],"o":[[-0.829,0],[0,0],[0,0.829],[0,0],[0.829,0],[0,0],[0,-0.829],[0,0]],"v":[[-2.947,8.132],[-4.447,9.632],[-4.447,14.789],[-2.947,16.289],[2.185,16.289],[3.685,14.789],[3.685,9.632],[2.185,8.132]],"c":true},"ix":2},"nm":"Path 8","mn":"ADBE Vector Shape - Group","hd":false},{"ind":8,"ty":"sh","ix":9,"ks":{"a":0,"k":{"i":[[0,0],[0,-0.829],[0,0],[-0.828,0],[0,0],[0,0.829],[0,0],[0.828,0]],"o":[[-0.828,0],[0,0],[0,0.829],[0,0],[0.828,0],[0,0],[0,-0.829],[0,0]],"v":[[-15.124,8.132],[-16.624,9.632],[-16.624,14.789],[-15.124,16.289],[-9.991,16.289],[-8.491,14.789],[-8.491,9.632],[-9.991,8.132]],"c":true},"ix":2},"nm":"Path 9","mn":"ADBE Vector Shape - Group","hd":false},{"ind":9,"ty":"sh","ix":10,"ks":{"a":0,"k":{"i":[[0,0],[0,-0.829],[0,0],[-0.828,0],[0,0],[0,0.829],[0,0],[0.828,0]],"o":[[-0.828,0],[0,0],[0,0.829],[0,0],[0.828,0],[0,0],[0,-0.829],[0,0]],"v":[[-28.062,8.132],[-29.562,9.632],[-29.562,14.789],[-28.062,16.289],[-22.929,16.289],[-21.429,14.789],[-21.429,9.632],[-22.929,8.132]],"c":true},"ix":2},"nm":"Path 10","mn":"ADBE Vector Shape - Group","hd":false},{"ind":10,"ty":"sh","ix":11,"ks":{"a":0,"k":{"i":[[0,0],[0,-0.829],[0,0],[-0.829,0],[0,0],[0,0.829],[0,0],[0.828,0]],"o":[[-0.829,0],[0,0],[0,0.829],[0,0],[0.828,0],[0,0],[0,-0.829],[0,0]],"v":[[-41,8.132],[-42.5,9.632],[-42.5,14.789],[-41,16.289],[-35.867,16.289],[-34.367,14.789],[-34.367,9.632],[-35.867,8.132]],"c":true},"ix":2},"nm":"Path 11","mn":"ADBE Vector Shape - Group","hd":false},{"ind":11,"ty":"sh","ix":12,"ks":{"a":0,"k":{"i":[[0,0],[0,-0.828],[0,0],[-0.828,0],[0,0],[0,0.828],[0,0],[0.828,0]],"o":[[-0.828,0],[0,0],[0,0.828],[0,0],[0.828,0],[0,0],[0,-0.828],[0,0]],"v":[[9.991,-4.079],[8.491,-2.579],[8.491,2.579],[9.991,4.079],[15.124,4.079],[16.624,2.579],[16.624,-2.579],[15.124,-4.079]],"c":true},"ix":2},"nm":"Path 12","mn":"ADBE Vector Shape - Group","hd":false},{"ind":12,"ty":"sh","ix":13,"ks":{"a":0,"k":{"i":[[0,0],[0,-0.828],[0,0],[-0.829,0],[0,0],[0,0.828],[0,0],[0.829,0]],"o":[[-0.829,0],[0,0],[0,0.828],[0,0],[0.829,0],[0,0],[0,-0.828],[0,0]],"v":[[-2.947,-4.079],[-4.447,-2.579],[-4.447,2.579],[-2.947,4.079],[2.185,4.079],[3.685,2.579],[3.685,-2.579],[2.185,-4.079]],"c":true},"ix":2},"nm":"Path 13","mn":"ADBE Vector Shape - Group","hd":false},{"ind":13,"ty":"sh","ix":14,"ks":{"a":0,"k":{"i":[[0,0],[0,-0.828],[0,0],[-0.828,0],[0,0],[0,0.828],[0,0],[0.828,0]],"o":[[-0.828,0],[0,0],[0,0.828],[0,0],[0.828,0],[0,0],[0,-0.828],[0,0]],"v":[[-15.124,-4.079],[-16.624,-2.579],[-16.624,2.579],[-15.124,4.079],[-9.991,4.079],[-8.491,2.579],[-8.491,-2.579],[-9.991,-4.079]],"c":true},"ix":2},"nm":"Path 14","mn":"ADBE Vector Shape - Group","hd":false},{"ind":14,"ty":"sh","ix":15,"ks":{"a":0,"k":{"i":[[0,0],[0,-0.828],[0,0],[-0.828,0],[0,0],[0,0.828],[0,0],[0.828,0]],"o":[[-0.828,0],[0,0],[0,0.828],[0,0],[0.828,0],[0,0],[0,-0.828],[0,0]],"v":[[-28.062,-4.079],[-29.562,-2.579],[-29.562,2.579],[-28.062,4.079],[-22.929,4.079],[-21.429,2.579],[-21.429,-2.579],[-22.929,-4.079]],"c":true},"ix":2},"nm":"Path 15","mn":"ADBE Vector Shape - Group","hd":false},{"ind":15,"ty":"sh","ix":16,"ks":{"a":0,"k":{"i":[[0,0],[0,-0.828],[0,0],[-0.829,0],[0,0],[0,0.828],[0,0],[0.828,0]],"o":[[-0.829,0],[0,0],[0,0.828],[0,0],[0.828,0],[0,0],[0,-0.828],[0,0]],"v":[[-41,-4.079],[-42.5,-2.579],[-42.5,2.579],[-41,4.079],[-35.867,4.079],[-34.367,2.579],[-34.367,-2.579],[-35.867,-4.079]],"c":true},"ix":2},"nm":"Path 16","mn":"ADBE Vector Shape - Group","hd":false},{"ind":16,"ty":"sh","ix":17,"ks":{"a":0,"k":{"i":[[0,0],[0,-0.829],[0,0],[-0.828,0],[0,0],[0,0.829],[0,0],[0.828,0]],"o":[[-0.828,0],[0,0],[0,0.829],[0,0],[0.828,0],[0,0],[0,-0.829],[0,0]],"v":[[9.991,-16.289],[8.491,-14.789],[8.491,-9.632],[9.991,-8.132],[15.124,-8.132],[16.624,-9.632],[16.624,-14.789],[15.124,-16.289]],"c":true},"ix":2},"nm":"Path 17","mn":"ADBE Vector Shape - Group","hd":false},{"ind":17,"ty":"sh","ix":18,"ks":{"a":0,"k":{"i":[[0,0],[0,-0.829],[0,0],[-0.829,0],[0,0],[0,0.829],[0,0],[0.829,0]],"o":[[-0.829,0],[0,0],[0,0.829],[0,0],[0.829,0],[0,0],[0,-0.829],[0,0]],"v":[[-2.947,-16.289],[-4.447,-14.789],[-4.447,-9.632],[-2.947,-8.132],[2.185,-8.132],[3.685,-9.632],[3.685,-14.789],[2.185,-16.289]],"c":true},"ix":2},"nm":"Path 18","mn":"ADBE Vector Shape - Group","hd":false},{"ind":18,"ty":"sh","ix":19,"ks":{"a":0,"k":{"i":[[0,0],[0,-0.829],[0,0],[-0.828,0],[0,0],[0,0.829],[0,0],[0.828,0]],"o":[[-0.828,0],[0,0],[0,0.829],[0,0],[0.828,0],[0,0],[0,-0.829],[0,0]],"v":[[-15.124,-16.289],[-16.624,-14.789],[-16.624,-9.632],[-15.124,-8.132],[-9.991,-8.132],[-8.491,-9.632],[-8.491,-14.789],[-9.991,-16.289]],"c":true},"ix":2},"nm":"Path 19","mn":"ADBE Vector Shape - Group","hd":false},{"ind":19,"ty":"sh","ix":20,"ks":{"a":0,"k":{"i":[[0,0],[0,-0.829],[0,0],[-0.828,0],[0,0],[0,0.829],[0,0],[0.828,0]],"o":[[-0.828,0],[0,0],[0,0.829],[0,0],[0.828,0],[0,0],[0,-0.829],[0,0]],"v":[[-28.062,-16.289],[-29.562,-14.789],[-29.562,-9.632],[-28.062,-8.132],[-22.929,-8.132],[-21.429,-9.632],[-21.429,-14.789],[-22.929,-16.289]],"c":true},"ix":2},"nm":"Path 20","mn":"ADBE Vector Shape - Group","hd":false},{"ind":20,"ty":"sh","ix":21,"ks":{"a":0,"k":{"i":[[0,0],[0,-0.829],[0,0],[-0.829,0],[0,0],[0,0.829],[0,0],[0.828,0]],"o":[[-0.829,0],[0,0],[0,0.829],[0,0],[0.828,0],[0,0],[0,-0.829],[0,0]],"v":[[-41,-16.289],[-42.5,-14.789],[-42.5,-9.632],[-41,-8.132],[-35.867,-8.132],[-34.367,-9.632],[-34.367,-14.789],[-35.867,-16.289]],"c":true},"ix":2},"nm":"Path 21","mn":"ADBE Vector Shape - Group","hd":false},{"ind":21,"ty":"sh","ix":22,"ks":{"a":0,"k":{"i":[[0,0],[0,-0.828],[0,0],[-0.828,0],[0,0],[0,0.829],[0,0],[0.828,0]],"o":[[-0.828,0],[0,0],[0,0.829],[0,0],[0.828,0],[0,0],[0,-0.828],[0,0]],"v":[[35.867,-28.5],[34.367,-27],[34.367,-21.842],[35.867,-20.342],[41,-20.342],[42.5,-21.842],[42.5,-27],[41,-28.5]],"c":true},"ix":2},"nm":"Path 22","mn":"ADBE Vector Shape - Group","hd":false},{"ind":22,"ty":"sh","ix":23,"ks":{"a":0,"k":{"i":[[0,0],[0,-0.828],[0,0],[-0.829,0],[0,0],[0,0.829],[0,0],[0.829,0]],"o":[[-0.829,0],[0,0],[0,0.829],[0,0],[0.829,0],[0,0],[0,-0.828],[0,0]],"v":[[22.929,-28.5],[21.429,-27],[21.429,-21.842],[22.929,-20.342],[28.061,-20.342],[29.561,-21.842],[29.561,-27],[28.061,-28.5]],"c":true},"ix":2},"nm":"Path 23","mn":"ADBE Vector Shape - Group","hd":false},{"ind":23,"ty":"sh","ix":24,"ks":{"a":0,"k":{"i":[[0,0],[0,-0.828],[0,0],[-0.828,0],[0,0],[0,0.829],[0,0],[0.828,0]],"o":[[-0.828,0],[0,0],[0,0.829],[0,0],[0.828,0],[0,0],[0,-0.828],[0,0]],"v":[[9.991,-28.5],[8.491,-27],[8.491,-21.842],[9.991,-20.342],[15.124,-20.342],[16.624,-21.842],[16.624,-27],[15.124,-28.5]],"c":true},"ix":2},"nm":"Path 24","mn":"ADBE Vector Shape - Group","hd":false},{"ind":24,"ty":"sh","ix":25,"ks":{"a":0,"k":{"i":[[0,0],[0,-0.828],[0,0],[-0.829,0],[0,0],[0,0.829],[0,0],[0.829,0]],"o":[[-0.829,0],[0,0],[0,0.829],[0,0],[0.829,0],[0,0],[0,-0.828],[0,0]],"v":[[-2.947,-28.5],[-4.447,-27],[-4.447,-21.842],[-2.947,-20.342],[2.185,-20.342],[3.685,-21.842],[3.685,-27],[2.185,-28.5]],"c":true},"ix":2},"nm":"Path 25","mn":"ADBE Vector Shape - Group","hd":false},{"ind":25,"ty":"sh","ix":26,"ks":{"a":0,"k":{"i":[[0,0],[0,-0.828],[0,0],[-0.828,0],[0,0],[0,0.829],[0,0],[0.828,0]],"o":[[-0.828,0],[0,0],[0,0.829],[0,0],[0.828,0],[0,0],[0,-0.828],[0,0]],"v":[[-15.124,-28.5],[-16.624,-27],[-16.624,-21.842],[-15.124,-20.342],[-9.991,-20.342],[-8.491,-21.842],[-8.491,-27],[-9.991,-28.5]],"c":true},"ix":2},"nm":"Path 26","mn":"ADBE Vector Shape - Group","hd":false},{"ind":26,"ty":"sh","ix":27,"ks":{"a":0,"k":{"i":[[0,0],[0,-0.828],[0,0],[-0.828,0],[0,0],[0,0.829],[0,0],[0.828,0]],"o":[[-0.828,0],[0,0],[0,0.829],[0,0],[0.828,0],[0,0],[0,-0.828],[0,0]],"v":[[-28.062,-28.5],[-29.562,-27],[-29.562,-21.842],[-28.062,-20.342],[-22.929,-20.342],[-21.429,-21.842],[-21.429,-27],[-22.929,-28.5]],"c":true},"ix":2},"nm":"Path 27","mn":"ADBE Vector Shape - Group","hd":false},{"ind":27,"ty":"sh","ix":28,"ks":{"a":0,"k":{"i":[[0,0],[0,-0.828],[0,0],[-0.829,0],[0,0],[0,0.829],[0,0],[0.828,0]],"o":[[-0.829,0],[0,0],[0,0.829],[0,0],[0.828,0],[0,0],[0,-0.828],[0,0]],"v":[[-41,-28.5],[-42.5,-27],[-42.5,-21.842],[-41,-20.342],[-35.867,-20.342],[-34.367,-21.842],[-34.367,-27],[-35.867,-28.5]],"c":true},"ix":2},"nm":"Path 28","mn":"ADBE Vector Shape - Group","hd":false},{"ty":"mm","mm":1,"nm":"Merge Paths 1","mn":"ADBE Vector Filter - Merge","hd":false},{"ty":"st","c":{"a":0,"k":[1,0.8901960784313725,0.9921568627450981,1],"ix":3},"o":{"a":0,"k":100,"ix":4},"w":{"a":0,"k":1,"ix":5},"lc":1,"lj":1,"ml":4,"nm":"Stroke 1","mn":"ADBE Vector Graphic - Stroke","hd":false},{"ty":"tr","p":{"a":0,"k":[109,115],"ix":2},"a":{"a":0,"k":[0,0],"ix":1},"s":{"a":0,"k":[100,100],"ix":3},"r":{"a":0,"k":0,"ix":6},"o":{"a":0,"k":100,"ix":7},"sk":{"a":0,"k":0,"ix":4},"sa":{"a":0,"k":0,"ix":5},"nm":"Transform"}],"nm":"Group 1","np":30,"cix":2,"ix":1,"mn":"ADBE Vector Group","hd":false},{"ty":"gr","it":[{"ind":0,"ty":"sh","ix":1,"ks":{"a":0,"k":{"i":[[-1.104,0],[0,0],[0,-1.104],[0,0],[1.104,0],[0,0],[0,1.105],[0,0]],"o":[[0,0],[1.104,0],[0,0],[0,1.105],[0,0],[-1.104,0],[0,0],[0,-1.104]],"v":[[35.867,19.842],[41,19.842],[43,21.842],[43,27],[41,29],[35.867,29],[33.867,27],[33.867,21.842]],"c":true},"ix":2},"nm":"Path 1","mn":"ADBE Vector Shape - Group","hd":false},{"ind":1,"ty":"sh","ix":2,"ks":{"a":0,"k":{"i":[[-1.105,0],[0,0],[0,-1.104],[0,0],[1.106,0],[0,0],[0,1.105],[0,0]],"o":[[0,0],[1.106,0],[0,0],[0,1.105],[0,0],[-1.105,0],[0,0],[0,-1.104]],"v":[[22.929,19.842],[28.061,19.842],[30.061,21.842],[30.061,27],[28.061,29],[22.929,29],[20.929,27],[20.929,21.842]],"c":true},"ix":2},"nm":"Path 2","mn":"ADBE Vector Shape - Group","hd":false},{"ind":2,"ty":"sh","ix":3,"ks":{"a":0,"k":{"i":[[-1.105,0],[0,0],[0,-1.104],[0,0],[1.105,0],[0,0],[0,1.105],[0,0]],"o":[[0,0],[1.105,0],[0,0],[0,1.105],[0,0],[-1.105,0],[0,0],[0,-1.104]],"v":[[-2.947,19.842],[2.185,19.842],[4.185,21.842],[4.185,27],[2.185,29],[-2.947,29],[-4.947,27],[-4.947,21.842]],"c":true},"ix":2},"nm":"Path 3","mn":"ADBE Vector Shape - Group","hd":false},{"ind":3,"ty":"sh","ix":4,"ks":{"a":0,"k":{"i":[[-1.105,0],[0,0],[0,-1.104],[0,0],[1.104,0],[0,0],[0,1.105],[0,0]],"o":[[0,0],[1.104,0],[0,0],[0,1.105],[0,0],[-1.105,0],[0,0],[0,-1.104]],"v":[[-15.124,19.842],[-9.991,19.842],[-7.991,21.842],[-7.991,27],[-9.991,29],[-15.124,29],[-17.124,27],[-17.124,21.842]],"c":true},"ix":2},"nm":"Path 4","mn":"ADBE Vector Shape - Group","hd":false},{"ind":4,"ty":"sh","ix":5,"ks":{"a":0,"k":{"i":[[-1.105,0],[0,0],[0,-1.104],[0,0],[1.104,0],[0,0],[0,1.105],[0,0]],"o":[[0,0],[1.104,0],[0,0],[0,1.105],[0,0],[-1.105,0],[0,0],[0,-1.104]],"v":[[-28.062,19.842],[-22.929,19.842],[-20.929,21.842],[-20.929,27],[-22.929,29],[-28.062,29],[-30.062,27],[-30.062,21.842]],"c":true},"ix":2},"nm":"Path 5","mn":"ADBE Vector Shape - Group","hd":false},{"ind":5,"ty":"sh","ix":6,"ks":{"a":0,"k":{"i":[[-1.105,0],[0,0],[0,-1.104],[0,0],[1.104,0],[0,0],[0,1.105],[0,0]],"o":[[0,0],[1.104,0],[0,0],[0,1.105],[0,0],[-1.105,0],[0,0],[0,-1.104]],"v":[[-41,19.842],[-35.867,19.842],[-33.867,21.842],[-33.867,27],[-35.867,29],[-41,29],[-43,27],[-43,21.842]],"c":true},"ix":2},"nm":"Path 6","mn":"ADBE Vector Shape - Group","hd":false},{"ind":6,"ty":"sh","ix":7,"ks":{"a":0,"k":{"i":[[-1.104,0],[0,0],[0,-1.104],[0,0],[1.104,0],[0,0],[0,1.106],[0,0]],"o":[[0,0],[1.104,0],[0,0],[0,1.106],[0,0],[-1.104,0],[0,0],[0,-1.104]],"v":[[9.991,7.632],[15.124,7.632],[17.124,9.632],[17.124,14.789],[15.124,16.789],[9.991,16.789],[7.991,14.789],[7.991,9.632]],"c":true},"ix":2},"nm":"Path 7","mn":"ADBE Vector Shape - Group","hd":false},{"ind":7,"ty":"sh","ix":8,"ks":{"a":0,"k":{"i":[[-1.105,0],[0,0],[0,-1.104],[0,0],[1.105,0],[0,0],[0,1.106],[0,0]],"o":[[0,0],[1.105,0],[0,0],[0,1.106],[0,0],[-1.105,0],[0,0],[0,-1.104]],"v":[[-2.947,7.632],[2.185,7.632],[4.185,9.632],[4.185,14.789],[2.185,16.789],[-2.947,16.789],[-4.947,14.789],[-4.947,9.632]],"c":true},"ix":2},"nm":"Path 8","mn":"ADBE Vector Shape - Group","hd":false},{"ind":8,"ty":"sh","ix":9,"ks":{"a":0,"k":{"i":[[-1.105,0],[0,0],[0,-1.104],[0,0],[1.104,0],[0,0],[0,1.106],[0,0]],"o":[[0,0],[1.104,0],[0,0],[0,1.106],[0,0],[-1.105,0],[0,0],[0,-1.104]],"v":[[-15.124,7.632],[-9.991,7.632],[-7.991,9.632],[-7.991,14.789],[-9.991,16.789],[-15.124,16.789],[-17.124,14.789],[-17.124,9.632]],"c":true},"ix":2},"nm":"Path 9","mn":"ADBE Vector Shape - Group","hd":false},{"ind":9,"ty":"sh","ix":10,"ks":{"a":0,"k":{"i":[[-1.105,0],[0,0],[0,-1.104],[0,0],[1.104,0],[0,0],[0,1.106],[0,0]],"o":[[0,0],[1.104,0],[0,0],[0,1.106],[0,0],[-1.105,0],[0,0],[0,-1.104]],"v":[[-28.062,7.632],[-22.929,7.632],[-20.929,9.632],[-20.929,14.789],[-22.929,16.789],[-28.062,16.789],[-30.062,14.789],[-30.062,9.632]],"c":true},"ix":2},"nm":"Path 10","mn":"ADBE Vector Shape - Group","hd":false},{"ind":10,"ty":"sh","ix":11,"ks":{"a":0,"k":{"i":[[-1.105,0],[0,0],[0,-1.104],[0,0],[1.104,0],[0,0],[0,1.106],[0,0]],"o":[[0,0],[1.104,0],[0,0],[0,1.106],[0,0],[-1.105,0],[0,0],[0,-1.104]],"v":[[-41,7.632],[-35.867,7.632],[-33.867,9.632],[-33.867,14.789],[-35.867,16.789],[-41,16.789],[-43,14.789],[-43,9.632]],"c":true},"ix":2},"nm":"Path 11","mn":"ADBE Vector Shape - Group","hd":false},{"ind":11,"ty":"sh","ix":12,"ks":{"a":0,"k":{"i":[[-1.104,0],[0,0],[0,-1.104],[0,0],[1.104,0],[0,0],[0,1.105],[0,0]],"o":[[0,0],[1.104,0],[0,0],[0,1.105],[0,0],[-1.104,0],[0,0],[0,-1.104]],"v":[[9.991,-4.579],[15.124,-4.579],[17.124,-2.579],[17.124,2.579],[15.124,4.579],[9.991,4.579],[7.991,2.579],[7.991,-2.579]],"c":true},"ix":2},"nm":"Path 12","mn":"ADBE Vector Shape - Group","hd":false},{"ind":12,"ty":"sh","ix":13,"ks":{"a":0,"k":{"i":[[-1.105,0],[0,0],[0,-1.104],[0,0],[1.105,0],[0,0],[0,1.105],[0,0]],"o":[[0,0],[1.105,0],[0,0],[0,1.105],[0,0],[-1.105,0],[0,0],[0,-1.104]],"v":[[-2.947,-4.579],[2.185,-4.579],[4.185,-2.579],[4.185,2.579],[2.185,4.579],[-2.947,4.579],[-4.947,2.579],[-4.947,-2.579]],"c":true},"ix":2},"nm":"Path 13","mn":"ADBE Vector Shape - Group","hd":false},{"ind":13,"ty":"sh","ix":14,"ks":{"a":0,"k":{"i":[[-1.105,0],[0,0],[0,-1.104],[0,0],[1.104,0],[0,0],[0,1.105],[0,0]],"o":[[0,0],[1.104,0],[0,0],[0,1.105],[0,0],[-1.105,0],[0,0],[0,-1.104]],"v":[[-15.124,-4.579],[-9.991,-4.579],[-7.991,-2.579],[-7.991,2.579],[-9.991,4.579],[-15.124,4.579],[-17.124,2.579],[-17.124,-2.579]],"c":true},"ix":2},"nm":"Path 14","mn":"ADBE Vector Shape - Group","hd":false},{"ind":14,"ty":"sh","ix":15,"ks":{"a":0,"k":{"i":[[-1.105,0],[0,0],[0,-1.104],[0,0],[1.104,0],[0,0],[0,1.105],[0,0]],"o":[[0,0],[1.104,0],[0,0],[0,1.105],[0,0],[-1.105,0],[0,0],[0,-1.104]],"v":[[-28.062,-4.579],[-22.929,-4.579],[-20.929,-2.579],[-20.929,2.579],[-22.929,4.579],[-28.062,4.579],[-30.062,2.579],[-30.062,-2.579]],"c":true},"ix":2},"nm":"Path 15","mn":"ADBE Vector Shape - Group","hd":false},{"ind":15,"ty":"sh","ix":16,"ks":{"a":0,"k":{"i":[[-1.105,0],[0,0],[0,-1.104],[0,0],[1.104,0],[0,0],[0,1.105],[0,0]],"o":[[0,0],[1.104,0],[0,0],[0,1.105],[0,0],[-1.105,0],[0,0],[0,-1.104]],"v":[[-41,-4.579],[-35.867,-4.579],[-33.867,-2.579],[-33.867,2.579],[-35.867,4.579],[-41,4.579],[-43,2.579],[-43,-2.579]],"c":true},"ix":2},"nm":"Path 16","mn":"ADBE Vector Shape - Group","hd":false},{"ind":16,"ty":"sh","ix":17,"ks":{"a":0,"k":{"i":[[-1.104,0],[0,0],[0,-1.105],[0,0],[1.104,0],[0,0],[0,1.105],[0,0]],"o":[[0,0],[1.104,0],[0,0],[0,1.105],[0,0],[-1.104,0],[0,0],[0,-1.105]],"v":[[9.991,-16.789],[15.124,-16.789],[17.124,-14.789],[17.124,-9.632],[15.124,-7.632],[9.991,-7.632],[7.991,-9.632],[7.991,-14.789]],"c":true},"ix":2},"nm":"Path 17","mn":"ADBE Vector Shape - Group","hd":false},{"ind":17,"ty":"sh","ix":18,"ks":{"a":0,"k":{"i":[[-1.105,0],[0,0],[0,-1.105],[0,0],[1.105,0],[0,0],[0,1.105],[0,0]],"o":[[0,0],[1.105,0],[0,0],[0,1.105],[0,0],[-1.105,0],[0,0],[0,-1.105]],"v":[[-2.947,-16.789],[2.185,-16.789],[4.185,-14.789],[4.185,-9.632],[2.185,-7.632],[-2.947,-7.632],[-4.947,-9.632],[-4.947,-14.789]],"c":true},"ix":2},"nm":"Path 18","mn":"ADBE Vector Shape - Group","hd":false},{"ind":18,"ty":"sh","ix":19,"ks":{"a":0,"k":{"i":[[-1.105,0],[0,0],[0,-1.105],[0,0],[1.104,0],[0,0],[0,1.105],[0,0]],"o":[[0,0],[1.104,0],[0,0],[0,1.105],[0,0],[-1.105,0],[0,0],[0,-1.105]],"v":[[-15.124,-16.789],[-9.991,-16.789],[-7.991,-14.789],[-7.991,-9.632],[-9.991,-7.632],[-15.124,-7.632],[-17.124,-9.632],[-17.124,-14.789]],"c":true},"ix":2},"nm":"Path 19","mn":"ADBE Vector Shape - Group","hd":false},{"ind":19,"ty":"sh","ix":20,"ks":{"a":0,"k":{"i":[[-1.105,0],[0,0],[0,-1.105],[0,0],[1.104,0],[0,0],[0,1.105],[0,0]],"o":[[0,0],[1.104,0],[0,0],[0,1.105],[0,0],[-1.105,0],[0,0],[0,-1.105]],"v":[[-28.062,-16.789],[-22.929,-16.789],[-20.929,-14.789],[-20.929,-9.632],[-22.929,-7.632],[-28.062,-7.632],[-30.062,-9.632],[-30.062,-14.789]],"c":true},"ix":2},"nm":"Path 20","mn":"ADBE Vector Shape - Group","hd":false},{"ind":20,"ty":"sh","ix":21,"ks":{"a":0,"k":{"i":[[-1.105,0],[0,0],[0,-1.105],[0,0],[1.104,0],[0,0],[0,1.105],[0,0]],"o":[[0,0],[1.104,0],[0,0],[0,1.105],[0,0],[-1.105,0],[0,0],[0,-1.105]],"v":[[-41,-16.789],[-35.867,-16.789],[-33.867,-14.789],[-33.867,-9.632],[-35.867,-7.632],[-41,-7.632],[-43,-9.632],[-43,-14.789]],"c":true},"ix":2},"nm":"Path 21","mn":"ADBE Vector Shape - Group","hd":false},{"ind":21,"ty":"sh","ix":22,"ks":{"a":0,"k":{"i":[[-1.104,0],[0,0],[0,-1.104],[0,0],[1.104,0],[0,0],[0,1.105],[0,0]],"o":[[0,0],[1.104,0],[0,0],[0,1.105],[0,0],[-1.104,0],[0,0],[0,-1.104]],"v":[[35.867,-29],[41,-29],[43,-27],[43,-21.842],[41,-19.842],[35.867,-19.842],[33.867,-21.842],[33.867,-27]],"c":true},"ix":2},"nm":"Path 22","mn":"ADBE Vector Shape - Group","hd":false},{"ind":22,"ty":"sh","ix":23,"ks":{"a":0,"k":{"i":[[-1.105,0],[0,0],[0,-1.104],[0,0],[1.106,0],[0,0],[0,1.105],[0,0]],"o":[[0,0],[1.106,0],[0,0],[0,1.105],[0,0],[-1.105,0],[0,0],[0,-1.104]],"v":[[22.929,-29],[28.061,-29],[30.061,-27],[30.061,-21.842],[28.061,-19.842],[22.929,-19.842],[20.929,-21.842],[20.929,-27]],"c":true},"ix":2},"nm":"Path 23","mn":"ADBE Vector Shape - Group","hd":false},{"ind":23,"ty":"sh","ix":24,"ks":{"a":0,"k":{"i":[[-1.104,0],[0,0],[0,-1.104],[0,0],[1.104,0],[0,0],[0,1.105],[0,0]],"o":[[0,0],[1.104,0],[0,0],[0,1.105],[0,0],[-1.104,0],[0,0],[0,-1.104]],"v":[[9.991,-29],[15.124,-29],[17.124,-27],[17.124,-21.842],[15.124,-19.842],[9.991,-19.842],[7.991,-21.842],[7.991,-27]],"c":true},"ix":2},"nm":"Path 24","mn":"ADBE Vector Shape - Group","hd":false},{"ind":24,"ty":"sh","ix":25,"ks":{"a":0,"k":{"i":[[-1.105,0],[0,0],[0,-1.104],[0,0],[1.105,0],[0,0],[0,1.105],[0,0]],"o":[[0,0],[1.105,0],[0,0],[0,1.105],[0,0],[-1.105,0],[0,0],[0,-1.104]],"v":[[-2.947,-29],[2.185,-29],[4.185,-27],[4.185,-21.842],[2.185,-19.842],[-2.947,-19.842],[-4.947,-21.842],[-4.947,-27]],"c":true},"ix":2},"nm":"Path 25","mn":"ADBE Vector Shape - Group","hd":false},{"ind":25,"ty":"sh","ix":26,"ks":{"a":0,"k":{"i":[[-1.105,0],[0,0],[0,-1.104],[0,0],[1.104,0],[0,0],[0,1.105],[0,0]],"o":[[0,0],[1.104,0],[0,0],[0,1.105],[0,0],[-1.105,0],[0,0],[0,-1.104]],"v":[[-15.124,-29],[-9.991,-29],[-7.991,-27],[-7.991,-21.842],[-9.991,-19.842],[-15.124,-19.842],[-17.124,-21.842],[-17.124,-27]],"c":true},"ix":2},"nm":"Path 26","mn":"ADBE Vector Shape - Group","hd":false},{"ind":26,"ty":"sh","ix":27,"ks":{"a":0,"k":{"i":[[-1.105,0],[0,0],[0,-1.104],[0,0],[1.104,0],[0,0],[0,1.105],[0,0]],"o":[[0,0],[1.104,0],[0,0],[0,1.105],[0,0],[-1.105,0],[0,0],[0,-1.104]],"v":[[-28.062,-29],[-22.929,-29],[-20.929,-27],[-20.929,-21.842],[-22.929,-19.842],[-28.062,-19.842],[-30.062,-21.842],[-30.062,-27]],"c":true},"ix":2},"nm":"Path 27","mn":"ADBE Vector Shape - Group","hd":false},{"ind":27,"ty":"sh","ix":28,"ks":{"a":0,"k":{"i":[[-1.105,0],[0,0],[0,-1.104],[0,0],[1.104,0],[0,0],[0,1.105],[0,0]],"o":[[0,0],[1.104,0],[0,0],[0,1.105],[0,0],[-1.105,0],[0,0],[0,-1.104]],"v":[[-41,-29],[-35.867,-29],[-33.867,-27],[-33.867,-21.842],[-35.867,-19.842],[-41,-19.842],[-43,-21.842],[-43,-27]],"c":true},"ix":2},"nm":"Path 28","mn":"ADBE Vector Shape - Group","hd":false},{"ty":"mm","mm":1,"nm":"Merge Paths 1","mn":"ADBE Vector Filter - Merge","hd":false},{"ty":"fl","c":{"a":0,"k":[0.972999961703,0.972999961703,0.972999961703,1],"ix":4},"o":{"a":0,"k":100,"ix":5},"r":1,"nm":"Fill 1","mn":"ADBE Vector Graphic - Fill","hd":false},{"ty":"tr","p":{"a":0,"k":[109,115],"ix":2},"a":{"a":0,"k":[0,0],"ix":1},"s":{"a":0,"k":[100,100],"ix":3},"r":{"a":0,"k":0,"ix":6},"o":{"a":0,"k":100,"ix":7},"sk":{"a":0,"k":0,"ix":4},"sa":{"a":0,"k":0,"ix":5},"nm":"Transform"}],"nm":"Group 2","np":30,"cix":2,"ix":2,"mn":"ADBE Vector Group","hd":false},{"ty":"gr","it":[{"ind":0,"ty":"sh","ix":1,"ks":{"a":0,"k":{"i":[[-1.033,0],[0,0],[-0.038,-1.076],[2.289,-0.233],[-3.85,-0.403],[-0.579,6.294]],"o":[[0,0],[1.076,0],[0.204,5.742],[-3.799,0.385],[2.351,0.245],[0.094,-1.029]],"v":[[-47.729,-5.638],[55.762,-5.638],[57.76,-3.709],[54.632,5.253],[-54.115,5.253],[-49.72,-3.821]],"c":true},"ix":2},"nm":"Path 1","mn":"ADBE Vector Shape - Group","hd":false},{"ty":"fl","c":{"a":0,"k":[0.996078431372549,0.9215686274509803,1,1],"ix":4},"o":{"a":0,"k":100,"ix":5},"r":1,"nm":"Fill 1","mn":"ADBE Vector Graphic - Fill","hd":false},{"ty":"tr","p":{"a":0,"k":[114.214,158.638],"ix":2},"a":{"a":0,"k":[0,0],"ix":1},"s":{"a":0,"k":[100,100],"ix":3},"r":{"a":0,"k":0,"ix":6},"o":{"a":0,"k":100,"ix":7},"sk":{"a":0,"k":0,"ix":4},"sa":{"a":0,"k":0,"ix":5},"nm":"Transform"}],"nm":"Group 3","np":2,"cix":2,"ix":3,"mn":"ADBE Vector Group","hd":false},{"ty":"gr","it":[{"ind":0,"ty":"sh","ix":1,"ks":{"a":0,"k":{"i":[[-2.209,0],[0,-2.209],[2.209,0],[0,2.209]],"o":[[2.209,0],[0,2.209],[-2.209,0],[0,-2.209]],"v":[[0,-4],[4,0],[0,4],[-4,0]],"c":true},"ix":2},"nm":"Path 1","mn":"ADBE Vector Shape - Group","hd":false},{"ty":"fl","c":{"a":0,"k":[1,0.6352941176470588,0.9764705882352941,1],"ix":4},"o":{"a":0,"k":100,"ix":5},"r":1,"nm":"Fill 1","mn":"ADBE Vector Graphic - Fill","hd":false},{"ty":"tr","p":{"a":0,"k":[149,63],"ix":2},"a":{"a":0,"k":[0,0],"ix":1},"s":{"a":0,"k":[100,100],"ix":3},"r":{"a":0,"k":0,"ix":6},"o":{"a":0,"k":100,"ix":7},"sk":{"a":0,"k":0,"ix":4},"sa":{"a":0,"k":0,"ix":5},"nm":"Transform"}],"nm":"Group 4","np":2,"cix":2,"ix":4,"mn":"ADBE Vector Group","hd":false},{"ty":"gr","it":[{"ind":0,"ty":"sh","ix":1,"ks":{"a":0,"k":{"i":[[-2.209,0],[0,-2.209],[2.209,0],[0,2.209]],"o":[[2.209,0],[0,2.209],[-2.209,0],[0,-2.209]],"v":[[0,-4],[4,0],[0,4],[-4,0]],"c":true},"ix":2},"nm":"Path 1","mn":"ADBE Vector Shape - Group","hd":false},{"ty":"fl","c":{"a":0,"k":[1,0.6352941176470588,0.9764705882352941,1],"ix":4},"o":{"a":0,"k":100,"ix":5},"r":1,"nm":"Fill 1","mn":"ADBE Vector Graphic - Fill","hd":false},{"ty":"tr","p":{"a":0,"k":[67,63],"ix":2},"a":{"a":0,"k":[0,0],"ix":1},"s":{"a":0,"k":[100,100],"ix":3},"r":{"a":0,"k":0,"ix":6},"o":{"a":0,"k":100,"ix":7},"sk":{"a":0,"k":0,"ix":4},"sa":{"a":0,"k":0,"ix":5},"nm":"Transform"}],"nm":"Group 5","np":2,"cix":2,"ix":5,"mn":"ADBE Vector Group","hd":false},{"ty":"gr","it":[{"ind":0,"ty":"sh","ix":1,"ks":{"a":0,"k":{"i":[[-0.012,0.057],[0,0],[-0.006,-0.058]],"o":[[0,0],[0.012,0.057],[0.006,-0.058]],"v":[[-51.169,11.02],[-51.223,11.02],[-51.196,11.192]],"c":true},"ix":2},"nm":"Path 1","mn":"ADBE Vector Shape - Group","hd":false},{"ind":1,"ty":"sh","ix":2,"ks":{"a":0,"k":{"i":[[-0.011,0.057],[0,0],[-0.006,-0.058]],"o":[[0,0],[0.012,0.057],[0.006,-0.058]],"v":[[-47.377,11.02],[-47.431,11.02],[-47.404,11.192]],"c":true},"ix":2},"nm":"Path 2","mn":"ADBE Vector Shape - Group","hd":false},{"ind":2,"ty":"sh","ix":3,"ks":{"a":0,"k":{"i":[[-0.011,0.057],[0,0],[-0.007,-0.058]],"o":[[0,0],[0.011,0.057],[0.006,-0.058]],"v":[[-43.585,11.02],[-43.638,11.02],[-43.611,11.192]],"c":true},"ix":2},"nm":"Path 3","mn":"ADBE Vector Shape - Group","hd":false},{"ind":3,"ty":"sh","ix":4,"ks":{"a":0,"k":{"i":[[-0.012,0.057],[0,0],[-0.006,-0.058]],"o":[[0,0],[0.011,0.057],[0.006,-0.058]],"v":[[-39.792,11.02],[-39.846,11.02],[-39.819,11.192]],"c":true},"ix":2},"nm":"Path 4","mn":"ADBE Vector Shape - Group","hd":false},{"ind":4,"ty":"sh","ix":5,"ks":{"a":0,"k":{"i":[[-0.011,0.057],[0,0],[-0.007,-0.058]],"o":[[0,0],[0.012,0.057],[0.006,-0.058]],"v":[[-36,11.02],[-36.054,11.02],[-36.026,11.192]],"c":true},"ix":2},"nm":"Path 5","mn":"ADBE Vector Shape - Group","hd":false},{"ind":5,"ty":"sh","ix":6,"ks":{"a":0,"k":{"i":[[-0.011,0.057],[0,0],[-0.007,-0.058]],"o":[[0,0],[0.011,0.057],[0.006,-0.058]],"v":[[-32.208,11.02],[-32.261,11.02],[-32.234,11.192]],"c":true},"ix":2},"nm":"Path 6","mn":"ADBE Vector Shape - Group","hd":false},{"ind":6,"ty":"sh","ix":7,"ks":{"a":0,"k":{"i":[[-0.012,0.057],[0,0],[-0.006,-0.058]],"o":[[0,0],[0.011,0.057],[0.006,-0.058]],"v":[[-28.415,11.02],[-28.469,11.02],[-28.442,11.192]],"c":true},"ix":2},"nm":"Path 7","mn":"ADBE Vector Shape - Group","hd":false},{"ind":7,"ty":"sh","ix":8,"ks":{"a":0,"k":{"i":[[-0.011,0.057],[0,0],[-0.007,-0.058]],"o":[[0,0],[0.011,0.057],[0.006,-0.058]],"v":[[-24.623,11.02],[-24.676,11.02],[-24.649,11.192]],"c":true},"ix":2},"nm":"Path 8","mn":"ADBE Vector Shape - Group","hd":false},{"ind":8,"ty":"sh","ix":9,"ks":{"a":0,"k":{"i":[[-0.011,0.057],[0,0],[-0.007,-0.058]],"o":[[0,0],[0.011,0.057],[0.006,-0.058]],"v":[[-20.831,11.02],[-20.884,11.02],[-20.857,11.192]],"c":true},"ix":2},"nm":"Path 9","mn":"ADBE Vector Shape - Group","hd":false},{"ind":9,"ty":"sh","ix":10,"ks":{"a":0,"k":{"i":[[-0.012,0.057],[0,0],[-0.006,-0.058]],"o":[[0,0],[0.011,0.057],[0.006,-0.058]],"v":[[-17.038,11.02],[-17.092,11.02],[-17.065,11.192]],"c":true},"ix":2},"nm":"Path 10","mn":"ADBE Vector Shape - Group","hd":false},{"ind":10,"ty":"sh","ix":11,"ks":{"a":0,"k":{"i":[[-0.011,0.057],[0,0],[-0.006,-0.058]],"o":[[0,0],[0.011,0.057],[0.007,-0.058]],"v":[[-13.246,11.02],[-13.299,11.02],[-13.273,11.192]],"c":true},"ix":2},"nm":"Path 11","mn":"ADBE Vector Shape - Group","hd":false},{"ind":11,"ty":"sh","ix":12,"ks":{"a":0,"k":{"i":[[-0.011,0.057],[0,0],[-0.007,-0.058]],"o":[[0,0],[0.011,0.057],[0.006,-0.058]],"v":[[-9.454,11.02],[-9.507,11.02],[-9.48,11.192]],"c":true},"ix":2},"nm":"Path 12","mn":"ADBE Vector Shape - Group","hd":false},{"ind":12,"ty":"sh","ix":13,"ks":{"a":0,"k":{"i":[[-0.011,0.057],[0,0],[-0.007,-0.058]],"o":[[0,0],[0.011,0.057],[0.007,-0.058]],"v":[[-5.661,11.02],[-5.715,11.02],[-5.688,11.192]],"c":true},"ix":2},"nm":"Path 13","mn":"ADBE Vector Shape - Group","hd":false},{"ind":13,"ty":"sh","ix":14,"ks":{"a":0,"k":{"i":[[-0.011,0.057],[0,0],[-0.006,-0.058]],"o":[[0,0],[0.011,0.057],[0.007,-0.058]],"v":[[-1.869,11.02],[-1.922,11.02],[-1.896,11.192]],"c":true},"ix":2},"nm":"Path 14","mn":"ADBE Vector Shape - Group","hd":false},{"ind":14,"ty":"sh","ix":15,"ks":{"a":0,"k":{"i":[[-0.011,0.057],[0,0],[-0.007,-0.058]],"o":[[0,0],[0.011,0.057],[0.006,-0.058]],"v":[[1.923,11.02],[1.87,11.02],[1.897,11.192]],"c":true},"ix":2},"nm":"Path 15","mn":"ADBE Vector Shape - Group","hd":false},{"ind":15,"ty":"sh","ix":16,"ks":{"a":0,"k":{"i":[[-0.011,0.057],[0,0],[-0.007,-0.058]],"o":[[0,0],[0.011,0.057],[0.007,-0.058]],"v":[[5.716,11.02],[5.662,11.02],[5.689,11.192]],"c":true},"ix":2},"nm":"Path 16","mn":"ADBE Vector Shape - Group","hd":false},{"ind":16,"ty":"sh","ix":17,"ks":{"a":0,"k":{"i":[[-0.011,0.057],[0,0],[-0.006,-0.058]],"o":[[0,0],[0.011,0.057],[0.007,-0.058]],"v":[[9.508,11.02],[9.455,11.02],[9.481,11.192]],"c":true},"ix":2},"nm":"Path 17","mn":"ADBE Vector Shape - Group","hd":false},{"ind":17,"ty":"sh","ix":18,"ks":{"a":0,"k":{"i":[[-0.011,0.057],[0,0],[-0.007,-0.058]],"o":[[0,0],[0.011,0.057],[0.006,-0.058]],"v":[[13.3,11.02],[13.247,11.02],[13.274,11.192]],"c":true},"ix":2},"nm":"Path 18","mn":"ADBE Vector Shape - Group","hd":false},{"ind":18,"ty":"sh","ix":19,"ks":{"a":0,"k":{"i":[[-0.012,0.057],[0,0],[-0.006,-0.058]],"o":[[0,0],[0.011,0.057],[0.007,-0.058]],"v":[[17.093,11.02],[17.039,11.02],[17.066,11.192]],"c":true},"ix":2},"nm":"Path 19","mn":"ADBE Vector Shape - Group","hd":false},{"ind":19,"ty":"sh","ix":20,"ks":{"a":0,"k":{"i":[[-0.012,0.057],[0,0],[-0.006,-0.058]],"o":[[0,0],[0.012,0.057],[0.007,-0.058]],"v":[[20.885,11.02],[20.831,11.02],[20.858,11.192]],"c":true},"ix":2},"nm":"Path 20","mn":"ADBE Vector Shape - Group","hd":false},{"ind":20,"ty":"sh","ix":21,"ks":{"a":0,"k":{"i":[[-0.012,0.057],[0,0],[-0.007,-0.058]],"o":[[0,0],[0.012,0.057],[0.006,-0.058]],"v":[[24.677,11.02],[24.623,11.02],[24.651,11.192]],"c":true},"ix":2},"nm":"Path 21","mn":"ADBE Vector Shape - Group","hd":false},{"ind":21,"ty":"sh","ix":22,"ks":{"a":0,"k":{"i":[[-0.012,0.057],[0,0],[-0.006,-0.058]],"o":[[0,0],[0.011,0.057],[0.007,-0.058]],"v":[[28.47,11.02],[28.416,11.02],[28.443,11.192]],"c":true},"ix":2},"nm":"Path 22","mn":"ADBE Vector Shape - Group","hd":false},{"ind":22,"ty":"sh","ix":23,"ks":{"a":0,"k":{"i":[[-0.012,0.057],[0,0],[-0.006,-0.058]],"o":[[0,0],[0.012,0.057],[0.007,-0.058]],"v":[[32.262,11.02],[32.208,11.02],[32.235,11.192]],"c":true},"ix":2},"nm":"Path 23","mn":"ADBE Vector Shape - Group","hd":false},{"ind":23,"ty":"sh","ix":24,"ks":{"a":0,"k":{"i":[[-0.012,0.057],[0,0],[-0.007,-0.058]],"o":[[0,0],[0.012,0.057],[0.006,-0.058]],"v":[[36.054,11.02],[36,11.02],[36.028,11.192]],"c":true},"ix":2},"nm":"Path 24","mn":"ADBE Vector Shape - Group","hd":false},{"ind":24,"ty":"sh","ix":25,"ks":{"a":0,"k":{"i":[[-0.012,0.057],[0,0],[-0.006,-0.058]],"o":[[0,0],[0.011,0.057],[0.007,-0.058]],"v":[[39.847,11.02],[39.793,11.02],[39.82,11.192]],"c":true},"ix":2},"nm":"Path 25","mn":"ADBE Vector Shape - Group","hd":false},{"ind":25,"ty":"sh","ix":26,"ks":{"a":0,"k":{"i":[[-0.012,0.057],[0,0],[-0.006,-0.058]],"o":[[0,0],[0.012,0.057],[0.007,-0.058]],"v":[[43.639,11.02],[43.585,11.02],[43.612,11.192]],"c":true},"ix":2},"nm":"Path 26","mn":"ADBE Vector Shape - Group","hd":false},{"ind":26,"ty":"sh","ix":27,"ks":{"a":0,"k":{"i":[[-0.011,0.057],[0,0],[-0.007,-0.058]],"o":[[0,0],[0.012,0.057],[0.006,-0.058]],"v":[[47.431,11.02],[47.377,11.02],[47.405,11.192]],"c":true},"ix":2},"nm":"Path 27","mn":"ADBE Vector Shape - Group","hd":false},{"ind":27,"ty":"sh","ix":28,"ks":{"a":0,"k":{"i":[[0,0],[0,-0.245],[1.054,0],[0.104,0.952],[0.984,0],[0.103,0.952],[0.984,0],[0.104,0.952],[0.983,0],[0.103,0.952],[0.984,0],[0.103,0.952],[0.984,0],[0.104,0.952],[0.983,0],[0.103,0.952],[0.984,0],[0.103,0.952],[0.984,0],[0.104,0.952],[0.983,0],[0.103,0.952],[0.984,0],[0.103,0.952],[0.984,0],[0.104,0.952],[0.983,0],[0.103,0.952],[0.984,0],[0.103,0.952],[0.984,0],[0.104,0.952],[0.983,0],[0.103,0.952],[0.984,0],[0.103,0.952],[0.984,0],[0.104,0.952],[0.983,0],[0.104,0.952],[0.983,0],[0.104,0.952],[0.982,0],[0.103,0.952],[0.983,0],[0.104,0.952],[0.983,0],[0.104,0.952],[0.982,0],[0.103,0.952],[0.983,0],[0.104,0.952],[0.983,0],[0.104,0.952],[0.983,0],[0.104,0.952],[0.983,0],[0.104,0.952],[0.983,0],[0,1.05],[-0.025,0.123],[0,0],[0,0],[-4.418,0],[0,0],[0,-4.418]],"o":[[0.085,0.214],[0,1.05],[-0.983,0],[-0.104,0.952],[-0.982,0],[-0.105,0.952],[-0.982,0],[-0.104,0.952],[-0.983,0],[-0.104,0.952],[-0.982,0],[-0.105,0.952],[-0.982,0],[-0.104,0.952],[-0.983,0],[-0.104,0.952],[-0.982,0],[-0.105,0.952],[-0.982,0],[-0.104,0.952],[-0.983,0],[-0.104,0.952],[-0.982,0],[-0.105,0.952],[-0.983,0],[-0.104,0.952],[-0.983,0],[-0.104,0.952],[-0.982,0],[-0.105,0.952],[-0.983,0],[-0.104,0.952],[-0.983,0],[-0.104,0.952],[-0.982,0],[-0.105,0.952],[-0.983,0],[-0.104,0.952],[-0.983,0],[-0.104,0.952],[-0.983,0],[-0.104,0.952],[-0.983,0],[-0.104,0.952],[-0.983,0],[-0.104,0.952],[-0.983,0],[-0.104,0.952],[-0.983,0],[-0.104,0.952],[-0.983,0],[-0.104,0.952],[-0.983,0],[-0.104,0.952],[-0.983,0],[-0.103,0.952],[-0.983,0],[-0.104,0.952],[-1.054,0],[0,-0.13],[0,0],[0,0],[0,-4.418],[0,0],[4.419,0],[0,0]],"v":[[54.869,10.706],[55,11.4],[53.093,13.3],[51.197,11.608],[49.3,13.3],[47.405,11.608],[45.508,13.3],[43.612,11.608],[41.716,13.3],[39.82,11.608],[37.923,13.3],[36.028,11.608],[34.131,13.3],[32.235,11.608],[30.339,13.3],[28.443,11.608],[26.546,13.3],[24.651,11.608],[22.754,13.3],[20.858,11.608],[18.962,13.3],[17.066,11.608],[15.169,13.3],[13.274,11.608],[11.377,13.3],[9.481,11.608],[7.585,13.3],[5.689,11.608],[3.792,13.3],[1.897,11.608],[0,13.3],[-1.896,11.608],[-3.792,13.3],[-5.688,11.608],[-7.585,13.3],[-9.48,11.608],[-11.377,13.3],[-13.273,11.608],[-15.169,13.3],[-17.065,11.608],[-18.961,13.3],[-20.857,11.608],[-22.753,13.3],[-24.649,11.608],[-26.546,13.3],[-28.442,11.608],[-30.338,13.3],[-32.234,11.608],[-34.13,13.3],[-36.026,11.608],[-37.923,13.3],[-39.819,11.608],[-41.715,13.3],[-43.611,11.608],[-45.507,13.3],[-47.404,11.608],[-49.3,13.3],[-51.196,11.608],[-53.092,13.3],[-55,11.4],[-54.961,11.02],[-55,11.02],[-55,-5.3],[-47,-13.3],[46.869,-13.3],[54.869,-5.3]],"c":true},"ix":2},"nm":"Path 28","mn":"ADBE Vector Shape - Group","hd":false},{"ind":28,"ty":"sh","ix":29,"ks":{"a":0,"k":{"i":[[-0.012,0.057],[0,0],[-0.006,-0.058]],"o":[[0,0],[0.011,0.057],[0.007,-0.058]],"v":[[51.224,11.02],[51.17,11.02],[51.197,11.192]],"c":true},"ix":2},"nm":"Path 29","mn":"ADBE Vector Shape - Group","hd":false},{"ty":"mm","mm":1,"nm":"Merge Paths 1","mn":"ADBE Vector Filter - Merge","hd":false},{"ty":"fl","c":{"a":0,"k":[0.5098039215686274,0.011764705882352941,0.3411764705882353,1],"ix":4},"o":{"a":0,"k":100,"ix":5},"r":1,"nm":"Fill 1","mn":"ADBE Vector Graphic - Fill","hd":false},{"ty":"tr","p":{"a":0,"k":[108,63.3],"ix":2},"a":{"a":0,"k":[0,0],"ix":1},"s":{"a":0,"k":[100,100],"ix":3},"r":{"a":0,"k":0,"ix":6},"o":{"a":0,"k":100,"ix":7},"sk":{"a":0,"k":0,"ix":4},"sa":{"a":0,"k":0,"ix":5},"nm":"Transform"}],"nm":"Group 6","np":31,"cix":2,"ix":6,"mn":"ADBE Vector Group","hd":false},{"ty":"gr","it":[{"ind":0,"ty":"sh","ix":1,"ks":{"a":0,"k":{"i":[[0,0],[0,0],[-4.142,0],[0,0],[0,4.143],[0,0]],"o":[[0,0],[0,4.143],[0,0],[4.143,0],[0,0],[0,0]],"v":[[-54.5,-48.52],[-54.5,41.02],[-47,48.52],[47,48.52],[54.5,41.02],[54.5,-48.52]],"c":true},"ix":2},"nm":"Path 1","mn":"ADBE Vector Shape - Group","hd":false},{"ty":"st","c":{"a":0,"k":[0.889999988032,0.889999988032,0.889999988032,1],"ix":3},"o":{"a":0,"k":100,"ix":4},"w":{"a":0,"k":1,"ix":5},"lc":1,"lj":1,"ml":4,"nm":"Stroke 1","mn":"ADBE Vector Graphic - Stroke","hd":false},{"ty":"tr","p":{"a":0,"k":[108,114.98],"ix":2},"a":{"a":0,"k":[0,0],"ix":1},"s":{"a":0,"k":[100,100],"ix":3},"r":{"a":0,"k":0,"ix":6},"o":{"a":0,"k":100,"ix":7},"sk":{"a":0,"k":0,"ix":4},"sa":{"a":0,"k":0,"ix":5},"nm":"Transform"}],"nm":"Group 7","np":2,"cix":2,"ix":7,"mn":"ADBE Vector Group","hd":false},{"ty":"gr","it":[{"ind":0,"ty":"sh","ix":1,"ks":{"a":0,"k":{"i":[[0,0],[0,0],[0,0],[4.418,0],[0,0],[0,4.418]],"o":[[0,0],[0,0],[0,4.418],[0,0],[-4.418,0],[0,0]],"v":[[-55,-49.02],[55,-49.02],[55,41.02],[47,49.02],[-47,49.02],[-55,41.02]],"c":true},"ix":2},"nm":"Path 1","mn":"ADBE Vector Shape - Group","hd":false},{"ty":"fl","c":{"a":0,"k":[1,1,1,1],"ix":4},"o":{"a":0,"k":100,"ix":5},"r":1,"nm":"Fill 1","mn":"ADBE Vector Graphic - Fill","hd":false},{"ty":"tr","p":{"a":0,"k":[108,114.98],"ix":2},"a":{"a":0,"k":[0,0],"ix":1},"s":{"a":0,"k":[100,100],"ix":3},"r":{"a":0,"k":0,"ix":6},"o":{"a":0,"k":100,"ix":7},"sk":{"a":0,"k":0,"ix":4},"sa":{"a":0,"k":0,"ix":5},"nm":"Transform"}],"nm":"Group 8","np":2,"cix":2,"ix":8,"mn":"ADBE Vector Group","hd":false}],"ip":0,"op":599,"st":0,"bm":0},{"ddd":0,"ind":6,"ty":0,"nm":"email","refId":"comp_29","sr":1,"ks":{"o":{"a":0,"k":100,"ix":11},"r":{"a":1,"k":[{"i":{"x":[0.37],"y":[1]},"o":{"x":[0.63],"y":[0]},"n":["0p37_1_0p63_0"],"t":24,"s":[0],"e":[7]},{"i":{"x":[0.8],"y":[1]},"o":{"x":[0.63],"y":[0]},"n":["0p8_1_0p63_0"],"t":28,"s":[7],"e":[-11]},{"i":{"x":[0.85],"y":[1]},"o":{"x":[0.2],"y":[0]},"n":["0p85_1_0p2_0"],"t":33,"s":[-11],"e":[6]},{"i":{"x":[0.85],"y":[1]},"o":{"x":[0.15],"y":[0]},"n":["0p85_1_0p15_0"],"t":39,"s":[6],"e":[0]},{"t":43}],"ix":10},"p":{"a":0,"k":[52.5,44,0],"ix":2},"a":{"a":0,"k":[42.5,27.5,0],"ix":1},"s":{"a":0,"k":[100,100,100],"ix":6}},"ao":0,"w":85,"h":55,"ip":0,"op":450,"st":0,"bm":0},{"ddd":0,"ind":7,"ty":4,"nm":"Shape Layer 3","sr":1,"ks":{"o":{"a":0,"k":100,"ix":11},"r":{"a":0,"k":0,"ix":10},"p":{"a":0,"k":[13.375,51.5,0],"ix":2},"a":{"a":0,"k":[-79.125,-51.5,0],"ix":1},"s":{"a":0,"k":[100,100,100],"ix":6}},"ao":0,"shapes":[{"ty":"gr","it":[{"ind":0,"ty":"sh","ix":1,"ks":{"a":0,"k":{"i":[[0,0],[0,0]],"o":[[0,0],[0,0]],"v":[[-89,-51.5],[-69.25,-51.5]],"c":false},"ix":2},"nm":"Path 1","mn":"ADBE Vector Shape - Group","hd":false},{"ty":"st","c":{"a":0,"k":[0.274509803922,0.403921568627,0.447058823529,1],"ix":3},"o":{"a":0,"k":100,"ix":4},"w":{"a":0,"k":1,"ix":5},"lc":1,"lj":1,"ml":4,"nm":"Stroke 1","mn":"ADBE Vector Graphic - Stroke","hd":false},{"ty":"tr","p":{"a":0,"k":[0,0],"ix":2},"a":{"a":0,"k":[0,0],"ix":1},"s":{"a":0,"k":[100,100],"ix":3},"r":{"a":0,"k":0,"ix":6},"o":{"a":0,"k":100,"ix":7},"sk":{"a":0,"k":0,"ix":4},"sa":{"a":0,"k":0,"ix":5},"nm":"Transform"}],"nm":"Shape 1","np":3,"cix":2,"ix":1,"mn":"ADBE Vector Group","hd":false},{"ty":"tm","s":{"a":0,"k":0,"ix":1},"e":{"a":1,"k":[{"i":{"x":[0.833],"y":[0.833]},"o":{"x":[0.13],"y":[0]},"n":["0p833_0p833_0p13_0"],"t":6,"s":[0],"e":[100]},{"t":14}],"ix":2},"o":{"a":0,"k":0,"ix":3},"m":1,"ix":2,"nm":"Trim Paths 1","mn":"ADBE Vector Filter - Trim","hd":false}],"ip":0,"op":599,"st":0,"bm":0},{"ddd":0,"ind":8,"ty":4,"nm":"Shape Layer 2","sr":1,"ks":{"o":{"a":0,"k":100,"ix":11},"r":{"a":0,"k":0,"ix":10},"p":{"a":0,"k":[15.75,45.5,0],"ix":2},"a":{"a":0,"k":[-76.75,-51.5,0],"ix":1},"s":{"a":0,"k":[100,100,100],"ix":6}},"ao":0,"shapes":[{"ty":"gr","it":[{"ind":0,"ty":"sh","ix":1,"ks":{"a":0,"k":{"i":[[0,0],[0,0]],"o":[[0,0],[0,0]],"v":[[-84.25,-51.5],[-69.25,-51.5]],"c":false},"ix":2},"nm":"Path 1","mn":"ADBE Vector Shape - Group","hd":false},{"ty":"st","c":{"a":0,"k":[0.274509803922,0.403921568627,0.447058823529,1],"ix":3},"o":{"a":0,"k":100,"ix":4},"w":{"a":0,"k":1,"ix":5},"lc":1,"lj":1,"ml":4,"nm":"Stroke 1","mn":"ADBE Vector Graphic - Stroke","hd":false},{"ty":"tr","p":{"a":0,"k":[0,0],"ix":2},"a":{"a":0,"k":[0,0],"ix":1},"s":{"a":0,"k":[100,100],"ix":3},"r":{"a":0,"k":0,"ix":6},"o":{"a":0,"k":100,"ix":7},"sk":{"a":0,"k":0,"ix":4},"sa":{"a":0,"k":0,"ix":5},"nm":"Transform"}],"nm":"Shape 1","np":3,"cix":2,"ix":1,"mn":"ADBE Vector Group","hd":false},{"ty":"tm","s":{"a":0,"k":0,"ix":1},"e":{"a":1,"k":[{"i":{"x":[0.833],"y":[0.833]},"o":{"x":[0.13],"y":[0]},"n":["0p833_0p833_0p13_0"],"t":12,"s":[0],"e":[100]},{"t":19}],"ix":2},"o":{"a":0,"k":0,"ix":3},"m":1,"ix":2,"nm":"Trim Paths 1","mn":"ADBE Vector Filter - Trim","hd":false}],"ip":0,"op":599,"st":0,"bm":0},{"ddd":0,"ind":9,"ty":4,"nm":"Shape Layer 1","sr":1,"ks":{"o":{"a":0,"k":100,"ix":11},"r":{"a":0,"k":0,"ix":10},"p":{"a":0,"k":[18.625,39.5,0],"ix":2},"a":{"a":0,"k":[-73.875,-51.5,0],"ix":1},"s":{"a":0,"k":[100,100,100],"ix":6}},"ao":0,"shapes":[{"ty":"gr","it":[{"ind":0,"ty":"sh","ix":1,"ks":{"a":0,"k":{"i":[[0,0],[0,0]],"o":[[0,0],[0,0]],"v":[[-78.5,-51.5],[-69.25,-51.5]],"c":false},"ix":2},"nm":"Path 1","mn":"ADBE Vector Shape - Group","hd":false},{"ty":"st","c":{"a":0,"k":[0.274509803922,0.403921568627,0.447058823529,1],"ix":3},"o":{"a":0,"k":100,"ix":4},"w":{"a":0,"k":1,"ix":5},"lc":1,"lj":1,"ml":4,"nm":"Stroke 1","mn":"ADBE Vector Graphic - Stroke","hd":false},{"ty":"tr","p":{"a":0,"k":[0,0],"ix":2},"a":{"a":0,"k":[0,0],"ix":1},"s":{"a":0,"k":[100,100],"ix":3},"r":{"a":0,"k":0,"ix":6},"o":{"a":0,"k":100,"ix":7},"sk":{"a":0,"k":0,"ix":4},"sa":{"a":0,"k":0,"ix":5},"nm":"Transform"}],"nm":"Shape 1","np":3,"cix":2,"ix":1,"mn":"ADBE Vector Group","hd":false},{"ty":"tm","s":{"a":0,"k":0,"ix":1},"e":{"a":1,"k":[{"i":{"x":[0.833],"y":[0.833]},"o":{"x":[0.13],"y":[0]},"n":["0p833_0p833_0p13_0"],"t":18,"s":[0],"e":[100]},{"t":26}],"ix":2},"o":{"a":0,"k":0,"ix":3},"m":1,"ix":2,"nm":"Trim Paths 1","mn":"ADBE Vector Filter - Trim","hd":false}],"ip":0,"op":599,"st":0,"bm":0},{"ddd":0,"ind":10,"ty":4,"nm":"base Outlines","sr":1,"ks":{"o":{"a":0,"k":100,"ix":11},"r":{"a":0,"k":0,"ix":10},"p":{"a":0,"k":[92.5,91,0],"ix":2},"a":{"a":0,"k":[92.5,91,0],"ix":1},"s":{"a":0,"k":[100,100,100],"ix":6}},"ao":0,"shapes":[{"ty":"gr","it":[{"ind":0,"ty":"sh","ix":1,"ks":{"a":0,"k":{"i":[[-51.086,0],[0,-50.258],[51.086,0],[0,50.258]],"o":[[51.086,0],[0,50.258],[-51.086,0],[0,-50.258]],"v":[[0,-91],[92.5,0],[0,91],[-92.5,0]],"c":true},"ix":2},"nm":"Path 1","mn":"ADBE Vector Shape - Group","hd":false},{"ty":"fl","c":{"a":0,"k":[0.961000031116,0.961000031116,0.961000031116,1],"ix":4},"o":{"a":0,"k":100,"ix":5},"r":1,"nm":"Fill 1","mn":"ADBE Vector Graphic - Fill","hd":false},{"ty":"tr","p":{"a":0,"k":[92.5,91],"ix":2},"a":{"a":0,"k":[0,0],"ix":1},"s":{"a":0,"k":[100,100],"ix":3},"r":{"a":0,"k":0,"ix":6},"o":{"a":0,"k":100,"ix":7},"sk":{"a":0,"k":0,"ix":4},"sa":{"a":0,"k":0,"ix":5},"nm":"Transform"}],"nm":"Group 1","np":2,"cix":2,"ix":1,"mn":"ADBE Vector Group","hd":false}],"ip":0,"op":599,"st":0,"bm":0}],"markers":[]}