{"v":"5.5.8","fr":29.9700012207031,"ip":0,"op":210.000008553475,"w":200,"h":250,"nm":"video","ddd":0,"assets":[{"id":"comp_0","layers":[{"ddd":0,"ind":1,"ty":4,"nm":"Group 5665","sr":1,"ks":{"o":{"a":0,"k":100,"ix":11},"r":{"a":0,"k":0,"ix":10},"p":{"a":0,"k":[87.393,33.517,0],"ix":2},"a":{"a":0,"k":[0,0,0],"ix":1},"s":{"a":0,"k":[100,100,100],"ix":6}},"ao":0,"shapes":[{"ty":"rc","d":1,"s":{"a":0,"k":[90.787,67.034],"ix":2},"p":{"a":0,"k":[0,0],"ix":3},"r":{"a":0,"k":0,"ix":4},"nm":"Rectangle Path 1","mn":"ADBE Vector Shape - Rect","hd":false}],"ip":0,"op":1798.20007324219,"st":0,"bm":0},{"ddd":0,"ind":2,"ty":4,"nm":"Group 6140","parent":1,"sr":1,"ks":{"o":{"a":0,"k":100,"ix":11},"r":{"a":0,"k":0,"ix":10},"p":{"a":0,"k":[0,0,0],"ix":2},"a":{"a":0,"k":[0,0,0],"ix":1},"s":{"a":0,"k":[100,100,100],"ix":6}},"ao":0,"shapes":[{"ty":"rc","d":1,"s":{"a":0,"k":[90.787,67.034],"ix":2},"p":{"a":0,"k":[0,0],"ix":3},"r":{"a":0,"k":0,"ix":4},"nm":"Rectangle Path 1","mn":"ADBE Vector Shape - Rect","hd":false}],"ip":0,"op":1798.20007324219,"st":0,"bm":0},{"ddd":0,"ind":3,"ty":4,"nm":"Path 5070","parent":2,"sr":1,"ks":{"o":{"a":0,"k":100,"ix":11},"r":{"a":0,"k":0,"ix":10},"p":{"a":0,"k":[39.423,-3.239,0],"ix":2},"a":{"a":0,"k":[5.97,10.093,0],"ix":1},"s":{"a":0,"k":[100,100,100],"ix":6}},"ao":0,"shapes":[{"ty":"gr","it":[{"ind":0,"ty":"sh","ix":1,"ks":{"a":0,"k":{"i":[[0,-1.074],[0,0],[3.236,-0.115],[0,3.37],[0,0],[0,0]],"o":[[0,0],[0,3.237],[-3.396,0.12],[0,0],[0,0],[1.074,0]],"v":[[11.941,1.945],[11.941,14.072],[6.187,20.181],[0,14.215],[0,0],[9.996,0]],"c":true},"ix":2},"nm":"Path 1","mn":"ADBE Vector Shape - Group","hd":false},{"ind":1,"ty":"sh","ix":2,"ks":{"a":0,"k":{"i":[[0,0],[-0.233,0],[0,0],[0,0.299],[0,0],[0.233,0],[0,0],[0,-0.299]],"o":[[0,0.299],[0,0],[0.233,0],[0,0],[0,-0.299],[0,0],[-0.233,0],[0,0]],"v":[[5.993,16.215],[6.414,16.756],[8.912,16.756],[9.333,16.215],[9.333,14.689],[8.912,14.148],[6.414,14.148],[5.993,14.689]],"c":true},"ix":2},"nm":"Path 2","mn":"ADBE Vector Shape - Group","hd":false},{"ind":2,"ty":"sh","ix":3,"ks":{"a":0,"k":{"i":[[0,0],[-0.233,0],[0,0],[0,0.299],[0,0],[0.233,0],[0,0],[0,-0.299]],"o":[[0,0.299],[0,0],[0.233,0],[0,0],[0,-0.299],[0,0],[-0.233,0],[0,0]],"v":[[5.993,5.237],[6.414,5.779],[8.912,5.779],[9.333,5.237],[9.333,3.712],[8.912,3.17],[6.414,3.17],[5.993,3.712]],"c":true},"ix":2},"nm":"Path 3","mn":"ADBE Vector Shape - Group","hd":false},{"ty":"fl","c":{"a":0,"k":[0.682352941176,0.494117647059,0.811764705882,1],"ix":4},"o":{"a":0,"k":100,"ix":5},"r":1,"bm":0,"nm":"Fill 1","mn":"ADBE Vector Graphic - Fill","hd":false},{"ty":"tr","p":{"a":0,"k":[0,0],"ix":2},"a":{"a":0,"k":[0,0],"ix":1},"s":{"a":0,"k":[100,100],"ix":3},"r":{"a":0,"k":0,"ix":6},"o":{"a":0,"k":100,"ix":7},"sk":{"a":0,"k":0,"ix":4},"sa":{"a":0,"k":0,"ix":5},"nm":"Transform"}],"nm":"Path 5070","np":4,"cix":2,"bm":0,"ix":1,"mn":"ADBE Vector Group","hd":false}],"ip":0,"op":1798.20007324219,"st":0,"bm":0},{"ddd":0,"ind":4,"ty":4,"nm":"Path 5069","parent":2,"sr":1,"ks":{"o":{"a":0,"k":100,"ix":11},"r":{"a":0,"k":0,"ix":10},"p":{"a":0,"k":[-8.892,-27.661,0],"ix":2},"a":{"a":0,"k":[24.024,5.855,0],"ix":1},"s":{"a":0,"k":[100,100,100],"ix":6}},"ao":0,"shapes":[{"ty":"gr","it":[{"ind":0,"ty":"sh","ix":1,"ks":{"a":0,"k":{"i":[[0,0],[0,0],[0,0],[0,0],[0,-3.298],[0,0],[2.391,0],[0,0],[0,2.391],[0,0],[-3.297,0],[0,0]],"o":[[0,0],[0,0],[0,0],[-3.298,0],[0,0],[0,2.391],[0,0],[-2.391,0],[0,0],[0,-3.298],[0,0],[0,0]],"v":[[0,0],[42.078,0],[42.078,0],[48.048,0],[42.078,5.97],[42.078,7.381],[37.749,11.71],[4.329,11.71],[0,7.381],[0,5.97],[5.97,0],[0,0]],"c":true},"ix":2},"nm":"Path 1","mn":"ADBE Vector Shape - Group","hd":false},{"ty":"fl","c":{"a":0,"k":[0.909803921569,0.470588235294,0.717647058824,1],"ix":4},"o":{"a":0,"k":100,"ix":5},"r":1,"bm":0,"nm":"Fill 1","mn":"ADBE Vector Graphic - Fill","hd":false},{"ty":"tr","p":{"a":0,"k":[0,0],"ix":2},"a":{"a":0,"k":[0,0],"ix":1},"s":{"a":0,"k":[100,100],"ix":3},"r":{"a":0,"k":0,"ix":6},"o":{"a":0,"k":100,"ix":7},"sk":{"a":0,"k":0,"ix":4},"sa":{"a":0,"k":0,"ix":5},"nm":"Transform"}],"nm":"Path 5069","np":2,"cix":2,"bm":0,"ix":1,"mn":"ADBE Vector Group","hd":false}],"ip":0,"op":1798.20007324219,"st":0,"bm":0},{"ddd":0,"ind":5,"ty":4,"nm":"Group 6139","parent":2,"sr":1,"ks":{"o":{"a":0,"k":100,"ix":11},"r":{"a":0,"k":0,"ix":10},"p":{"a":0,"k":[-11.358,27.336,0],"ix":2},"a":{"a":0,"k":[0,0,0],"ix":1},"s":{"a":0,"k":[100,100,100],"ix":6}},"ao":0,"shapes":[{"ty":"rc","d":1,"s":{"a":0,"k":[42.829,5.976],"ix":2},"p":{"a":0,"k":[0,0],"ix":3},"r":{"a":0,"k":0,"ix":4},"nm":"Rectangle Path 1","mn":"ADBE Vector Shape - Rect","hd":false}],"ip":0,"op":1798.20007324219,"st":0,"bm":0},{"ddd":0,"ind":6,"ty":4,"nm":"Rectangle 2728","parent":5,"sr":1,"ks":{"o":{"a":0,"k":100,"ix":11},"r":{"a":0,"k":0,"ix":10},"p":{"a":0,"k":[20.547,0,0],"ix":2},"a":{"a":0,"k":[0,0,0],"ix":1},"s":{"a":0,"k":[100,100,100],"ix":6}},"ao":0,"shapes":[{"ty":"gr","it":[{"ty":"rc","d":1,"s":{"a":0,"k":[1.735,5.976],"ix":2},"p":{"a":0,"k":[0,0],"ix":3},"r":{"a":0,"k":3.328,"ix":4},"nm":"Rectangle Path 1","mn":"ADBE Vector Shape - Rect","hd":false},{"ty":"fl","c":{"a":0,"k":[0.956862745098,0.937254901961,0.956862745098,1],"ix":4},"o":{"a":0,"k":100,"ix":5},"r":1,"bm":0,"nm":"Fill 1","mn":"ADBE Vector Graphic - Fill","hd":false},{"ty":"tr","p":{"a":0,"k":[0,0],"ix":2},"a":{"a":0,"k":[0,0],"ix":1},"s":{"a":0,"k":[100,100],"ix":3},"r":{"a":0,"k":0,"ix":6},"o":{"a":0,"k":100,"ix":7},"sk":{"a":0,"k":0,"ix":4},"sa":{"a":0,"k":0,"ix":5},"nm":"Transform"}],"nm":"Rectangle 2728","np":2,"cix":2,"bm":0,"ix":1,"mn":"ADBE Vector Group","hd":false}],"ip":0,"op":1798.20007324219,"st":0,"bm":0},{"ddd":0,"ind":7,"ty":4,"nm":"Rectangle 2727","parent":5,"sr":1,"ks":{"o":{"a":0,"k":100,"ix":11},"r":{"a":0,"k":0,"ix":10},"p":{"a":0,"k":[17.598,0,0],"ix":2},"a":{"a":0,"k":[0,0,0],"ix":1},"s":{"a":0,"k":[100,100,100],"ix":6}},"ao":0,"shapes":[{"ty":"gr","it":[{"ty":"rc","d":1,"s":{"a":0,"k":[1.735,5.976],"ix":2},"p":{"a":0,"k":[0,0],"ix":3},"r":{"a":0,"k":3.328,"ix":4},"nm":"Rectangle Path 1","mn":"ADBE Vector Shape - Rect","hd":false},{"ty":"fl","c":{"a":0,"k":[0.956862745098,0.937254901961,0.956862745098,1],"ix":4},"o":{"a":0,"k":100,"ix":5},"r":1,"bm":0,"nm":"Fill 1","mn":"ADBE Vector Graphic - Fill","hd":false},{"ty":"tr","p":{"a":0,"k":[0,0],"ix":2},"a":{"a":0,"k":[0,0],"ix":1},"s":{"a":0,"k":[100,100],"ix":3},"r":{"a":0,"k":0,"ix":6},"o":{"a":0,"k":100,"ix":7},"sk":{"a":0,"k":0,"ix":4},"sa":{"a":0,"k":0,"ix":5},"nm":"Transform"}],"nm":"Rectangle 2727","np":2,"cix":2,"bm":0,"ix":1,"mn":"ADBE Vector Group","hd":false}],"ip":0,"op":1798.20007324219,"st":0,"bm":0},{"ddd":0,"ind":8,"ty":4,"nm":"Ellipse 1190","parent":5,"sr":1,"ks":{"o":{"a":0,"k":100,"ix":11},"r":{"a":0,"k":0,"ix":10},"p":{"a":0,"k":[-8.562,0,0],"ix":2},"a":{"a":0,"k":[0,0,0],"ix":1},"s":{"a":0,"k":[100,100,100],"ix":6}},"ao":0,"shapes":[{"ty":"gr","it":[{"d":1,"ty":"el","s":{"a":0,"k":[5.819,5.819],"ix":2},"p":{"a":0,"k":[0,0],"ix":3},"nm":"Ellipse Path 1","mn":"ADBE Vector Shape - Ellipse","hd":false},{"ty":"fl","c":{"a":0,"k":[0.956862745098,0.937254901961,0.956862745098,1],"ix":4},"o":{"a":0,"k":100,"ix":5},"r":1,"bm":0,"nm":"Fill 1","mn":"ADBE Vector Graphic - Fill","hd":false},{"ty":"tr","p":{"a":0,"k":[0,0],"ix":2},"a":{"a":0,"k":[0,0],"ix":1},"s":{"a":0,"k":[100,100],"ix":3},"r":{"a":0,"k":0,"ix":6},"o":{"a":0,"k":100,"ix":7},"sk":{"a":0,"k":0,"ix":4},"sa":{"a":0,"k":0,"ix":5},"nm":"Transform"}],"nm":"Ellipse 1190","np":2,"cix":2,"bm":0,"ix":1,"mn":"ADBE Vector Group","hd":false}],"ip":0,"op":1798.20007324219,"st":0,"bm":0},{"ddd":0,"ind":9,"ty":4,"nm":"Path 5068","parent":5,"sr":1,"ks":{"o":{"a":0,"k":100,"ix":11},"r":{"a":0,"k":0,"ix":10},"p":{"a":0,"k":[-14.988,0,0],"ix":2},"a":{"a":0,"k":[6.426,1.543,0],"ix":1},"s":{"a":0,"k":[100,100,100],"ix":6}},"ao":0,"shapes":[{"ty":"gr","it":[{"ind":0,"ty":"sh","ix":1,"ks":{"a":0,"k":{"i":[[0,0],[0,0],[0,-0.852],[0,0],[-0.852,0],[0,0]],"o":[[0,0],[-0.852,0],[0,0],[0,0.852],[0,0],[0,0]],"v":[[12.852,0],[1.543,0],[0,1.543],[0,1.543],[1.543,3.086],[12.852,3.086]],"c":true},"ix":2},"nm":"Path 1","mn":"ADBE Vector Shape - Group","hd":false},{"ty":"fl","c":{"a":0,"k":[0.81568627451,0.082352941176,0.41568627451,1],"ix":4},"o":{"a":0,"k":100,"ix":5},"r":1,"bm":0,"nm":"Fill 1","mn":"ADBE Vector Graphic - Fill","hd":false},{"ty":"tr","p":{"a":0,"k":[0,0],"ix":2},"a":{"a":0,"k":[0,0],"ix":1},"s":{"a":0,"k":[100,100],"ix":3},"r":{"a":0,"k":0,"ix":6},"o":{"a":0,"k":100,"ix":7},"sk":{"a":0,"k":0,"ix":4},"sa":{"a":0,"k":0,"ix":5},"nm":"Transform"}],"nm":"Path 5068","np":2,"cix":2,"bm":0,"ix":1,"mn":"ADBE Vector Group","hd":false}],"ip":0,"op":1798.20007324219,"st":0,"bm":0},{"ddd":0,"ind":10,"ty":4,"nm":"Rectangle 2726","parent":5,"sr":1,"ks":{"o":{"a":0,"k":100,"ix":11},"r":{"a":0,"k":0,"ix":10},"p":{"a":0,"k":[-3.592,0,0],"ix":2},"a":{"a":0,"k":[0,0,0],"ix":1},"s":{"a":0,"k":[100,100,100],"ix":6}},"ao":0,"shapes":[{"ty":"gr","it":[{"ty":"rc","d":1,"s":{"a":0,"k":[35.645,3.086],"ix":2},"p":{"a":0,"k":[0,0],"ix":3},"r":{"a":0,"k":5.918,"ix":4},"nm":"Rectangle Path 1","mn":"ADBE Vector Shape - Rect","hd":false},{"ty":"fl","c":{"a":0,"k":[0.909803921569,0.470588235294,0.717647058824,1],"ix":4},"o":{"a":0,"k":100,"ix":5},"r":1,"bm":0,"nm":"Fill 1","mn":"ADBE Vector Graphic - Fill","hd":false},{"ty":"tr","p":{"a":0,"k":[0,0],"ix":2},"a":{"a":0,"k":[0,0],"ix":1},"s":{"a":0,"k":[100,100],"ix":3},"r":{"a":0,"k":0,"ix":6},"o":{"a":0,"k":100,"ix":7},"sk":{"a":0,"k":0,"ix":4},"sa":{"a":0,"k":0,"ix":5},"nm":"Transform"}],"nm":"Rectangle 2726","np":2,"cix":2,"bm":0,"ix":1,"mn":"ADBE Vector Group","hd":false}],"ip":0,"op":1798.20007324219,"st":0,"bm":0},{"ddd":0,"ind":11,"ty":4,"nm":"Path 5067","parent":2,"sr":1,"ks":{"o":{"a":0,"k":100,"ix":11},"r":{"a":0,"k":0,"ix":10},"p":{"a":0,"k":[-11.441,0,0],"ix":2},"a":{"a":0,"k":[7.665,8.59,0],"ix":1},"s":{"a":0,"k":[100,100,100],"ix":6}},"ao":0,"shapes":[{"ty":"gr","it":[{"ind":0,"ty":"sh","ix":1,"ks":{"a":0,"k":{"i":[[1.135,0.655],[0,0],[0,-1.31],[0,0],[-1.135,0.655],[0,0]],"o":[[0,0],[-1.135,-0.655],[0,0],[0,1.31],[0,0],[1.135,-0.655]],"v":[[14.479,7.116],[2.553,0.231],[0,1.705],[0,15.475],[2.553,16.949],[14.479,10.064]],"c":true},"ix":2},"nm":"Path 1","mn":"ADBE Vector Shape - Group","hd":false},{"ty":"fl","c":{"a":0,"k":[0.956862745098,0.937254901961,0.956862745098,1],"ix":4},"o":{"a":0,"k":100,"ix":5},"r":1,"bm":0,"nm":"Fill 1","mn":"ADBE Vector Graphic - Fill","hd":false},{"ty":"tr","p":{"a":0,"k":[0,0],"ix":2},"a":{"a":0,"k":[0,0],"ix":1},"s":{"a":0,"k":[100,100],"ix":3},"r":{"a":0,"k":0,"ix":6},"o":{"a":0,"k":100,"ix":7},"sk":{"a":0,"k":0,"ix":4},"sa":{"a":0,"k":0,"ix":5},"nm":"Transform"}],"nm":"Path 5067","np":2,"cix":2,"bm":0,"ix":1,"mn":"ADBE Vector Group","hd":false}],"ip":0,"op":1798.20007324219,"st":0,"bm":0},{"ddd":0,"ind":12,"ty":4,"nm":"Rectangle 2725","parent":2,"sr":1,"ks":{"o":{"a":0,"k":100,"ix":11},"r":{"a":0,"k":90,"ix":10},"p":{"a":0,"k":[-11.878,0.001,0],"ix":2},"a":{"a":0,"k":[0,0,0],"ix":1},"s":{"a":0,"k":[100,100,100],"ix":6}},"ao":0,"shapes":[{"ty":"gr","it":[{"ty":"rc","d":1,"s":{"a":0,"k":[35.183,42.078],"ix":2},"p":{"a":0,"k":[0,0],"ix":3},"r":{"a":0,"k":16.604,"ix":4},"nm":"Rectangle Path 1","mn":"ADBE Vector Shape - Rect","hd":false},{"ty":"fl","c":{"a":0,"k":[0.81568627451,0.082352941176,0.41568627451,1],"ix":4},"o":{"a":0,"k":100,"ix":5},"r":1,"bm":0,"nm":"Fill 1","mn":"ADBE Vector Graphic - Fill","hd":false},{"ty":"tr","p":{"a":0,"k":[0,0],"ix":2},"a":{"a":0,"k":[0,0],"ix":1},"s":{"a":0,"k":[100,100],"ix":3},"r":{"a":0,"k":0,"ix":6},"o":{"a":0,"k":100,"ix":7},"sk":{"a":0,"k":0,"ix":4},"sa":{"a":0,"k":0,"ix":5},"nm":"Transform"}],"nm":"Rectangle 2725","np":2,"cix":2,"bm":0,"ix":1,"mn":"ADBE Vector Group","hd":false}],"ip":0,"op":1798.20007324219,"st":0,"bm":0},{"ddd":0,"ind":13,"ty":4,"nm":"Path 5066","parent":2,"sr":1,"ks":{"o":{"a":0,"k":100,"ix":11},"r":{"a":0,"k":0,"ix":10},"p":{"a":0,"k":[-8.879,0.001,0],"ix":2},"a":{"a":0,"k":[28.042,33.516,0],"ix":1},"s":{"a":0,"k":[100,100,100],"ix":6}},"ao":0,"shapes":[{"ty":"gr","it":[{"ind":0,"ty":"sh","ix":1,"ks":{"a":0,"k":{"i":[[-3.298,0],[0,0],[0,0],[0,-3.298],[0,0],[0,0],[0,0]],"o":[[0,0],[0,0],[-3.298,0],[0,0],[0,0],[0,0],[0,-3.298]],"v":[[5.97,0],[50.086,0],[56.084,0],[50.086,5.97],[50.086,67.033],[0,67.033],[0,5.97]],"c":true},"ix":2},"nm":"Path 1","mn":"ADBE Vector Shape - Group","hd":false},{"ty":"fl","c":{"a":0,"k":[0.466666666667,0.274509803922,0.6,1],"ix":4},"o":{"a":0,"k":100,"ix":5},"r":1,"bm":0,"nm":"Fill 1","mn":"ADBE Vector Graphic - Fill","hd":false},{"ty":"tr","p":{"a":0,"k":[0,0],"ix":2},"a":{"a":0,"k":[0,0],"ix":1},"s":{"a":0,"k":[100,100],"ix":3},"r":{"a":0,"k":0,"ix":6},"o":{"a":0,"k":100,"ix":7},"sk":{"a":0,"k":0,"ix":4},"sa":{"a":0,"k":0,"ix":5},"nm":"Transform"}],"nm":"Path 5066","np":2,"cix":2,"bm":0,"ix":1,"mn":"ADBE Vector Group","hd":false}],"ip":0,"op":1798.20007324219,"st":0,"bm":0},{"ddd":0,"ind":14,"ty":4,"nm":"Path 5065","parent":2,"sr":1,"ks":{"o":{"a":0,"k":100,"ix":11},"r":{"a":0,"k":0,"ix":10},"p":{"a":0,"k":[-8.956,0.001,0],"ix":2},"a":{"a":0,"k":[36.438,33.516,0],"ix":1},"s":{"a":0,"k":[100,100,100],"ix":6}},"ao":0,"shapes":[{"ty":"gr","it":[{"ind":0,"ty":"sh","ix":1,"ks":{"a":0,"k":{"i":[[-3.273,0.027],[0,0],[0,0],[0,0],[0.563,-2.712],[0.013,-0.081],[0.003,-0.019],[0.009,-0.079],[0.002,-0.023],[0.004,-0.074],[0.001,-0.029],[0.001,-0.083],[0,-0.021],[0,0],[0,0],[0,0],[1.074,0],[0,0],[0,1.074],[0,0]],"o":[[0,0],[0,0],[0,0],[-2.879,0],[-0.017,0.079],[-0.003,0.019],[-0.012,0.078],[-0.002,0.023],[-0.008,0.073],[-0.002,0.029],[-0.004,0.082],[0,0.021],[0,0],[0,0],[0,0],[0,1.074],[0,0],[-1.074,0],[0,0],[0,-3.281]],"v":[[5.92,0],[66.906,0],[67.032,0],[72.876,0],[67.031,4.75],[66.987,4.991],[66.977,5.047],[66.947,5.284],[66.938,5.351],[66.921,5.572],[66.914,5.66],[66.907,5.906],[66.906,5.97],[66.906,5.969],[66.906,5.969],[66.906,65.088],[64.961,67.033],[1.945,67.033],[0,65.088],[0,5.969]],"c":true},"ix":2},"nm":"Path 1","mn":"ADBE Vector Shape - Group","hd":false},{"ind":1,"ty":"sh","ix":2,"ks":{"a":0,"k":{"i":[[0,0],[-0.233,0],[0,0],[0,0.299],[0,0],[0.233,0],[0,0],[0,-0.299]],"o":[[0,0.299],[0,0],[0.233,0],[0,0],[0,-0.299],[0,0],[-0.233,0],[0,0]],"v":[[61.217,61.614],[61.638,62.156],[64.136,62.156],[64.557,61.614],[64.557,60.089],[64.136,59.547],[61.638,59.547],[61.217,60.089]],"c":true},"ix":2},"nm":"Path 2","mn":"ADBE Vector Shape - Group","hd":false},{"ind":2,"ty":"sh","ix":3,"ks":{"a":0,"k":{"i":[[0,0],[-0.233,0],[0,0],[0,0.299],[0,0],[0.233,0],[0,0],[0,-0.299]],"o":[[0,0.299],[0,0],[0.233,0],[0,0],[0,-0.299],[0,0],[-0.233,0],[0,0]],"v":[[61.217,50.637],[61.638,51.179],[64.136,51.179],[64.557,50.637],[64.557,49.112],[64.136,48.57],[61.638,48.57],[61.217,49.112]],"c":true},"ix":2},"nm":"Path 3","mn":"ADBE Vector Shape - Group","hd":false},{"ind":3,"ty":"sh","ix":4,"ks":{"a":0,"k":{"i":[[0,0],[-0.233,0],[0,0],[0,0.299],[0,0],[0.233,0],[0,0],[0,-0.299]],"o":[[0,0.299],[0,0],[0.233,0],[0,0],[0,-0.299],[0,0],[-0.233,0],[0,0]],"v":[[61.217,39.66],[61.638,40.201],[64.136,40.201],[64.557,39.66],[64.557,38.134],[64.136,37.593],[61.638,37.593],[61.217,38.134]],"c":true},"ix":2},"nm":"Path 4","mn":"ADBE Vector Shape - Group","hd":false},{"ind":4,"ty":"sh","ix":5,"ks":{"a":0,"k":{"i":[[0,0],[-0.233,0],[0,0],[0,0.299],[0,0],[0.233,0],[0,0],[0,-0.299]],"o":[[0,0.299],[0,0],[0.233,0],[0,0],[0,-0.299],[0,0],[-0.233,0],[0,0]],"v":[[61.217,28.682],[61.638,29.224],[64.136,29.224],[64.557,28.682],[64.557,27.157],[64.136,26.615],[61.638,26.615],[61.217,27.157]],"c":true},"ix":2},"nm":"Path 5","mn":"ADBE Vector Shape - Group","hd":false},{"ind":5,"ty":"sh","ix":6,"ks":{"a":0,"k":{"i":[[0,0],[-0.233,0],[0,0],[0,0.299],[0,0],[0.233,0],[0,0],[0,-0.299]],"o":[[0,0.299],[0,0],[0.233,0],[0,0],[0,-0.299],[0,0],[-0.233,0],[0,0]],"v":[[61.217,17.705],[61.638,18.246],[64.136,18.246],[64.557,17.705],[64.557,16.179],[64.136,15.638],[61.638,15.638],[61.217,16.179]],"c":true},"ix":2},"nm":"Path 6","mn":"ADBE Vector Shape - Group","hd":false},{"ind":6,"ty":"sh","ix":7,"ks":{"a":0,"k":{"i":[[0,0],[-0.233,0],[0,0],[0,0.299],[0,0],[0.233,0],[0,0],[0,-0.299]],"o":[[0,0.299],[0,0],[0.233,0],[0,0],[0,-0.299],[0,0],[-0.233,0],[0,0]],"v":[[61.217,6.727],[61.638,7.269],[64.136,7.269],[64.557,6.727],[64.557,5.202],[64.136,4.66],[61.638,4.66],[61.217,5.202]],"c":true},"ix":2},"nm":"Path 7","mn":"ADBE Vector Shape - Group","hd":false},{"ind":7,"ty":"sh","ix":8,"ks":{"a":0,"k":{"i":[[0,0],[-0.233,0],[0,0],[0,0.299],[0,0],[0.232,0],[0,0],[0,-0.299]],"o":[[0,0.299],[0,0],[0.232,0],[0,0],[0,-0.299],[0,0],[-0.233,0],[0,0]],"v":[[2.577,61.614],[2.999,62.156],[5.496,62.156],[5.918,61.614],[5.918,60.089],[5.496,59.547],[2.999,59.547],[2.577,60.089]],"c":true},"ix":2},"nm":"Path 8","mn":"ADBE Vector Shape - Group","hd":false},{"ind":8,"ty":"sh","ix":9,"ks":{"a":0,"k":{"i":[[0,0],[-0.233,0],[0,0],[0,0.299],[0,0],[0.232,0],[0,0],[0,-0.299]],"o":[[0,0.299],[0,0],[0.232,0],[0,0],[0,-0.299],[0,0],[-0.233,0],[0,0]],"v":[[2.577,50.637],[2.999,51.179],[5.496,51.179],[5.918,50.637],[5.918,49.112],[5.496,48.57],[2.999,48.57],[2.577,49.112]],"c":true},"ix":2},"nm":"Path 9","mn":"ADBE Vector Shape - Group","hd":false},{"ind":9,"ty":"sh","ix":10,"ks":{"a":0,"k":{"i":[[0,0],[-0.233,0],[0,0],[0,0.299],[0,0],[0.232,0],[0,0],[0,-0.299]],"o":[[0,0.299],[0,0],[0.232,0],[0,0],[0,-0.299],[0,0],[-0.233,0],[0,0]],"v":[[2.577,39.66],[2.999,40.201],[5.496,40.201],[5.918,39.66],[5.918,38.134],[5.496,37.593],[2.999,37.593],[2.577,38.134]],"c":true},"ix":2},"nm":"Path 10","mn":"ADBE Vector Shape - Group","hd":false},{"ind":10,"ty":"sh","ix":11,"ks":{"a":0,"k":{"i":[[0,0],[-0.233,0],[0,0],[0,0.299],[0,0],[0.232,0],[0,0],[0,-0.299]],"o":[[0,0.299],[0,0],[0.232,0],[0,0],[0,-0.299],[0,0],[-0.233,0],[0,0]],"v":[[2.577,28.682],[2.999,29.224],[5.496,29.224],[5.918,28.682],[5.918,27.157],[5.496,26.615],[2.999,26.615],[2.577,27.157]],"c":true},"ix":2},"nm":"Path 11","mn":"ADBE Vector Shape - Group","hd":false},{"ind":11,"ty":"sh","ix":12,"ks":{"a":0,"k":{"i":[[0,0],[-0.233,0],[0,0],[0,0.299],[0,0],[0.232,0],[0,0],[0,-0.299]],"o":[[0,0.299],[0,0],[0.232,0],[0,0],[0,-0.299],[0,0],[-0.233,0],[0,0]],"v":[[2.577,17.705],[2.999,18.246],[5.496,18.246],[5.918,17.705],[5.918,16.179],[5.496,15.638],[2.999,15.638],[2.577,16.179]],"c":true},"ix":2},"nm":"Path 12","mn":"ADBE Vector Shape - Group","hd":false},{"ind":12,"ty":"sh","ix":13,"ks":{"a":0,"k":{"i":[[0,0],[-0.233,0],[0,0],[0,0.299],[0,0],[0.232,0],[0,0],[0,-0.299]],"o":[[0,0.299],[0,0],[0.232,0],[0,0],[0,-0.299],[0,0],[-0.233,0],[0,0]],"v":[[2.577,6.727],[2.999,7.269],[5.496,7.269],[5.918,6.727],[5.918,5.202],[5.496,4.66],[2.999,4.66],[2.577,5.202]],"c":true},"ix":2},"nm":"Path 13","mn":"ADBE Vector Shape - Group","hd":false},{"ty":"fl","c":{"a":0,"k":[0.682352941176,0.494117647059,0.811764705882,1],"ix":4},"o":{"a":0,"k":100,"ix":5},"r":1,"bm":0,"nm":"Fill 1","mn":"ADBE Vector Graphic - Fill","hd":false},{"ty":"tr","p":{"a":0,"k":[0,0],"ix":2},"a":{"a":0,"k":[0,0],"ix":1},"s":{"a":0,"k":[100,100],"ix":3},"r":{"a":0,"k":0,"ix":6},"o":{"a":0,"k":100,"ix":7},"sk":{"a":0,"k":0,"ix":4},"sa":{"a":0,"k":0,"ix":5},"nm":"Transform"}],"nm":"Path 5065","np":14,"cix":2,"bm":0,"ix":1,"mn":"ADBE Vector Group","hd":false}],"ip":0,"op":1798.20007324219,"st":0,"bm":0},{"ddd":0,"ind":15,"ty":4,"nm":"Path 5064","parent":2,"sr":1,"ks":{"o":{"a":0,"k":100,"ix":11},"r":{"a":0,"k":0,"ix":10},"p":{"a":0,"k":[30.468,-13.332,0],"ix":2},"a":{"a":0,"k":[8.956,20.185,0],"ix":1},"s":{"a":0,"k":[100,100,100],"ix":6}},"ao":0,"shapes":[{"ty":"gr","it":[{"ind":0,"ty":"sh","ix":1,"ks":{"a":0,"k":{"i":[[-3.296,0],[0,-3.298],[0,0],[0,0],[-3.296,0],[0,0],[0,0]],"o":[[3.298,0],[0,0],[0,0],[0,3.298],[0,0],[0,0],[0,-3.298]],"v":[[5.97,0],[11.941,5.97],[11.941,34.414],[11.941,34.4],[17.912,40.371],[0,40.371],[0,5.97]],"c":true},"ix":2},"nm":"Path 1","mn":"ADBE Vector Shape - Group","hd":false},{"ty":"fl","c":{"a":0,"k":[0.588235294118,0.427450980392,0.701960784314,1],"ix":4},"o":{"a":0,"k":100,"ix":5},"r":1,"bm":0,"nm":"Fill 1","mn":"ADBE Vector Graphic - Fill","hd":false},{"ty":"tr","p":{"a":0,"k":[0,0],"ix":2},"a":{"a":0,"k":[0,0],"ix":1},"s":{"a":0,"k":[100,100],"ix":3},"r":{"a":0,"k":0,"ix":6},"o":{"a":0,"k":100,"ix":7},"sk":{"a":0,"k":0,"ix":4},"sa":{"a":0,"k":0,"ix":5},"nm":"Transform"}],"nm":"Path 5064","np":2,"cix":2,"bm":0,"ix":1,"mn":"ADBE Vector Group","hd":false}],"ip":0,"op":1798.20007324219,"st":0,"bm":0}]}],"layers":[{"ddd":0,"ind":1,"ty":0,"nm":"vidd","refId":"comp_0","sr":1,"ks":{"o":{"a":0,"k":100,"ix":11},"r":{"a":0,"k":0,"ix":10},"p":{"a":0,"k":[139.5,44,0],"ix":2},"a":{"a":0,"k":[73,34.5,0],"ix":1},"s":{"a":1,"k":[{"i":{"x":[0.667,0.667,0.667],"y":[1,1,1]},"o":{"x":[0.167,0.167,0.167],"y":[0.167,0.167,-5]},"t":0,"s":[100,100,100]},{"i":{"x":[0.667,0.667,0.667],"y":[1,1,1]},"o":{"x":[0.167,0.167,0.167],"y":[0.167,0.167,5]},"t":17.628,"s":[70,70,100]},{"i":{"x":[0.667,0.667,0.667],"y":[1,1,1]},"o":{"x":[0.167,0.167,0.167],"y":[0,0,0]},"t":37.078,"s":[100,100,100]},{"i":{"x":[0.667,0.667,0.667],"y":[1,1,1]},"o":{"x":[0.167,0.167,0.167],"y":[0.167,0.167,0]},"t":54.706,"s":[100,100,100]},{"i":{"x":[0.667,0.667,0.667],"y":[1,1,1]},"o":{"x":[0.167,0.167,0.167],"y":[0.167,0.167,0]},"t":72.334,"s":[70,70,100]},{"i":{"x":[0.667,0.667,0.667],"y":[1,1,1]},"o":{"x":[0.167,0.167,0.167],"y":[0,0,0]},"t":91.176,"s":[100,100,100]},{"i":{"x":[0.667,0.667,0.667],"y":[1,1,1]},"o":{"x":[0.167,0.167,0.167],"y":[0.167,0.167,0]},"t":107.824,"s":[100,100,100]},{"i":{"x":[0.667,0.667,0.667],"y":[1,1,1]},"o":{"x":[0.167,0.167,0.167],"y":[0.167,0.167,0]},"t":125.451,"s":[70,70,100]},{"i":{"x":[0.667,0.667,0.667],"y":[1,1,1]},"o":{"x":[0.167,0.167,0.167],"y":[0,0,0]},"t":144.901,"s":[100,100,100]},{"i":{"x":[0.667,0.667,0.667],"y":[1,1,1]},"o":{"x":[0.167,0.167,0.167],"y":[0.167,0.167,0]},"t":162.53,"s":[100,100,100]},{"i":{"x":[0.667,0.667,0.667],"y":[1,1,1]},"o":{"x":[0.167,0.167,0.167],"y":[0.167,0.167,0]},"t":180.158,"s":[70,70,100]},{"t":199.000008105436,"s":[100,100,100]}],"ix":6}},"ao":0,"w":133,"h":495,"ip":0,"op":1798.20007324219,"st":0,"bm":0},{"ddd":0,"ind":2,"ty":4,"nm":"Path 4470","sr":1,"ks":{"o":{"a":0,"k":100,"ix":11},"r":{"a":0,"k":0,"ix":10},"p":{"a":0,"k":[79.836,162.82,0],"ix":2},"a":{"a":0,"k":[8.823,3.479,0],"ix":1},"s":{"a":0,"k":[100,100,100],"ix":6}},"ao":0,"shapes":[{"ty":"gr","it":[{"ind":0,"ty":"sh","ix":1,"ks":{"a":0,"k":{"i":[[0,0],[-8.519,15.657]],"o":[[0,0],[0,0]],"v":[[0,0],[17.647,0]],"c":false},"ix":2},"nm":"Path 1","mn":"ADBE Vector Shape - Group","hd":false},{"ty":"st","c":{"a":0,"k":[0.258823529412,0.094117647059,0.250980392157,1],"ix":3},"o":{"a":0,"k":100,"ix":4},"w":{"a":0,"k":1,"ix":5},"lc":2,"lj":2,"bm":0,"nm":"Stroke 1","mn":"ADBE Vector Graphic - Stroke","hd":false},{"ty":"tr","p":{"a":0,"k":[0,0],"ix":2},"a":{"a":0,"k":[0,0],"ix":1},"s":{"a":0,"k":[100,100],"ix":3},"r":{"a":0,"k":0,"ix":6},"o":{"a":0,"k":100,"ix":7},"sk":{"a":0,"k":0,"ix":4},"sa":{"a":0,"k":0,"ix":5},"nm":"Transform"}],"nm":"Path 4470","np":2,"cix":2,"bm":0,"ix":1,"mn":"ADBE Vector Group","hd":false}],"ip":0,"op":210.000008553475,"st":0,"bm":0},{"ddd":0,"ind":3,"ty":4,"nm":"oko lewe","sr":1,"ks":{"o":{"a":0,"k":100,"ix":11},"r":{"a":0,"k":0,"ix":10},"p":{"a":0,"k":[108.098,121.076,0],"ix":2},"a":{"a":0,"k":[0,0,0],"ix":1},"s":{"a":1,"k":[{"i":{"x":[0.833,0.833,0.833],"y":[0.833,0.833,0.833]},"o":{"x":[0.167,0.167,0.167],"y":[0.167,0.167,0.167]},"t":14,"s":[100,100,100]},{"i":{"x":[0.833,0.833,0.833],"y":[0.833,0.833,0.833]},"o":{"x":[0.167,0.167,0.167],"y":[0.167,0.167,0.167]},"t":18,"s":[100,31.132,100]},{"i":{"x":[0.833,0.833,0.833],"y":[0.833,0.833,0.833]},"o":{"x":[0.167,0.167,0.167],"y":[0.167,0.167,0.167]},"t":23,"s":[100,100,100]},{"i":{"x":[0.833,0.833,0.833],"y":[0.833,0.833,0.833]},"o":{"x":[0.167,0.167,0.167],"y":[0.167,0.167,0.167]},"t":63,"s":[100,100,100]},{"i":{"x":[0.833,0.833,0.833],"y":[0.833,0.833,0.833]},"o":{"x":[0.167,0.167,0.167],"y":[0.167,0.167,0.167]},"t":67,"s":[100,31.132,100]},{"i":{"x":[0.833,0.833,0.833],"y":[0.833,0.833,0.833]},"o":{"x":[0.167,0.167,0.167],"y":[0.167,0.167,0.167]},"t":72,"s":[100,100,100]},{"i":{"x":[0.833,0.833,0.833],"y":[0.833,0.833,0.833]},"o":{"x":[0.167,0.167,0.167],"y":[0.167,0.167,0.167]},"t":128,"s":[100,100,100]},{"i":{"x":[0.833,0.833,0.833],"y":[0.833,0.833,0.833]},"o":{"x":[0.167,0.167,0.167],"y":[0.167,0.167,0.167]},"t":132,"s":[100,31.132,100]},{"i":{"x":[0.833,0.833,0.833],"y":[0.833,0.833,0.833]},"o":{"x":[0.167,0.167,0.167],"y":[0.167,0.167,0.167]},"t":137,"s":[100,100,100]},{"i":{"x":[0.833,0.833,0.833],"y":[0.833,0.833,0.833]},"o":{"x":[0.167,0.167,0.167],"y":[0.167,0.167,0.167]},"t":177,"s":[100,100,100]},{"i":{"x":[0.833,0.833,0.833],"y":[0.833,0.833,0.833]},"o":{"x":[0.167,0.167,0.167],"y":[0.167,0.167,0.167]},"t":181,"s":[100,31.132,100]},{"t":186.000007575935,"s":[100,100,100]}],"ix":6}},"ao":0,"shapes":[{"ty":"gr","it":[{"d":1,"ty":"el","s":{"a":0,"k":[12.524,12.524],"ix":2},"p":{"a":0,"k":[0,0],"ix":3},"nm":"Ellipse Path 1","mn":"ADBE Vector Shape - Ellipse","hd":false},{"ty":"fl","c":{"a":0,"k":[0.258823529412,0.109803921569,0.250980392157,1],"ix":4},"o":{"a":0,"k":100,"ix":5},"r":1,"bm":0,"nm":"Fill 1","mn":"ADBE Vector Graphic - Fill","hd":false},{"ty":"tr","p":{"a":0,"k":[0,0],"ix":2},"a":{"a":0,"k":[0,0],"ix":1},"s":{"a":0,"k":[100,100],"ix":3},"r":{"a":0,"k":0,"ix":6},"o":{"a":0,"k":100,"ix":7},"sk":{"a":0,"k":0,"ix":4},"sa":{"a":0,"k":0,"ix":5},"nm":"Transform"}],"nm":"Ellipse 956","np":2,"cix":2,"bm":0,"ix":1,"mn":"ADBE Vector Group","hd":false}],"ip":0,"op":210.000008553475,"st":0,"bm":0},{"ddd":0,"ind":4,"ty":4,"nm":"oko prawe","sr":1,"ks":{"o":{"a":0,"k":100,"ix":11},"r":{"a":0,"k":0,"ix":10},"p":{"a":0,"k":[55.324,119.575,0],"ix":2},"a":{"a":0,"k":[6.262,6.262,0],"ix":1},"s":{"a":1,"k":[{"i":{"x":[0.833,0.833,0.833],"y":[0.833,0.833,0.833]},"o":{"x":[0.167,0.167,0.167],"y":[0.167,0.167,0.167]},"t":14,"s":[100,100,100]},{"i":{"x":[0.833,0.833,0.833],"y":[0.833,0.833,0.833]},"o":{"x":[0.167,0.167,0.167],"y":[0.167,0.167,0.167]},"t":18,"s":[100,31.132,100]},{"i":{"x":[0.833,0.833,0.833],"y":[0.833,0.833,0.833]},"o":{"x":[0.167,0.167,0.167],"y":[0.167,0.167,0.167]},"t":23,"s":[100,100,100]},{"i":{"x":[0.833,0.833,0.833],"y":[0.833,0.833,0.833]},"o":{"x":[0.167,0.167,0.167],"y":[0.167,0.167,0.167]},"t":63,"s":[100,100,100]},{"i":{"x":[0.833,0.833,0.833],"y":[0.833,0.833,0.833]},"o":{"x":[0.167,0.167,0.167],"y":[0.167,0.167,0.167]},"t":67,"s":[100,31.132,100]},{"i":{"x":[0.833,0.833,0.833],"y":[0.833,0.833,0.833]},"o":{"x":[0.167,0.167,0.167],"y":[0.167,0.167,0.167]},"t":72,"s":[100,100,100]},{"i":{"x":[0.833,0.833,0.833],"y":[0.833,0.833,0.833]},"o":{"x":[0.167,0.167,0.167],"y":[0.167,0.167,0.167]},"t":128,"s":[100,100,100]},{"i":{"x":[0.833,0.833,0.833],"y":[0.833,0.833,0.833]},"o":{"x":[0.167,0.167,0.167],"y":[0.167,0.167,0.167]},"t":132,"s":[100,31.132,100]},{"i":{"x":[0.833,0.833,0.833],"y":[0.833,0.833,0.833]},"o":{"x":[0.167,0.167,0.167],"y":[0.167,0.167,0.167]},"t":137,"s":[100,100,100]},{"i":{"x":[0.833,0.833,0.833],"y":[0.833,0.833,0.833]},"o":{"x":[0.167,0.167,0.167],"y":[0.167,0.167,0.167]},"t":177,"s":[100,100,100]},{"i":{"x":[0.833,0.833,0.833],"y":[0.833,0.833,0.833]},"o":{"x":[0.167,0.167,0.167],"y":[0.167,0.167,0.167]},"t":181,"s":[100,31.132,100]},{"t":186.000007575935,"s":[100,100,100]}],"ix":6}},"ao":0,"shapes":[{"ty":"gr","it":[{"ind":0,"ty":"sh","ix":1,"ks":{"a":0,"k":{"i":[[-3.458,0],[0,-3.458],[3.458,0],[0,3.458]],"o":[[3.458,0],[0,3.458],[-3.458,0],[0,-3.458]],"v":[[6.262,0],[12.524,6.262],[6.262,12.524],[0,6.262]],"c":true},"ix":2},"nm":"Path 1","mn":"ADBE Vector Shape - Group","hd":false},{"ty":"fl","c":{"a":0,"k":[0.258823529412,0.109803921569,0.250980392157,1],"ix":4},"o":{"a":0,"k":100,"ix":5},"r":1,"bm":0,"nm":"Fill 1","mn":"ADBE Vector Graphic - Fill","hd":false},{"ty":"tr","p":{"a":0,"k":[0,0],"ix":2},"a":{"a":0,"k":[0,0],"ix":1},"s":{"a":0,"k":[100,100],"ix":3},"r":{"a":0,"k":0,"ix":6},"o":{"a":0,"k":100,"ix":7},"sk":{"a":0,"k":0,"ix":4},"sa":{"a":0,"k":0,"ix":5},"nm":"Transform"}],"nm":"Path 4557","np":2,"cix":2,"bm":0,"ix":1,"mn":"ADBE Vector Group","hd":false}],"ip":0,"op":210.000008553475,"st":0,"bm":0},{"ddd":0,"ind":5,"ty":4,"nm":"Path 4475","sr":1,"ks":{"o":{"a":0,"k":100,"ix":11},"r":{"a":0,"k":0,"ix":10},"p":{"a":0,"k":[103.553,152.41,0],"ix":2},"a":{"a":0,"k":[7.344,2.656,0],"ix":1},"s":{"a":0,"k":[100,100,100],"ix":6}},"ao":0,"shapes":[{"ty":"gr","it":[{"ind":0,"ty":"sh","ix":1,"ks":{"a":0,"k":{"i":[[4.056,0],[0,-2.934],[0,0]],"o":[[-4.056,0],[0,0],[0,-2.934]],"v":[[7.345,0],[0,5.312],[14.689,5.312]],"c":true},"ix":2},"nm":"Path 1","mn":"ADBE Vector Shape - Group","hd":false},{"ty":"fl","c":{"a":0,"k":[0.850980392157,0.023529411765,0.345098039216,1],"ix":4},"o":{"a":0,"k":100,"ix":5},"r":1,"bm":0,"nm":"Fill 1","mn":"ADBE Vector Graphic - Fill","hd":false},{"ty":"tr","p":{"a":0,"k":[0,0],"ix":2},"a":{"a":0,"k":[0,0],"ix":1},"s":{"a":0,"k":[100,100],"ix":3},"r":{"a":0,"k":0,"ix":6},"o":{"a":0,"k":100,"ix":7},"sk":{"a":0,"k":0,"ix":4},"sa":{"a":0,"k":0,"ix":5},"nm":"Transform"}],"nm":"Path 4475","np":2,"cix":2,"bm":0,"ix":1,"mn":"ADBE Vector Group","hd":false}],"ip":0,"op":210.000008553475,"st":0,"bm":0},{"ddd":0,"ind":6,"ty":4,"nm":"Path 4474","sr":1,"ks":{"o":{"a":0,"k":100,"ix":11},"r":{"a":0,"k":0,"ix":10},"p":{"a":0,"k":[56.955,152.41,0],"ix":2},"a":{"a":0,"k":[7.344,2.656,0],"ix":1},"s":{"a":0,"k":[100,100,100],"ix":6}},"ao":0,"shapes":[{"ty":"gr","it":[{"ind":0,"ty":"sh","ix":1,"ks":{"a":0,"k":{"i":[[4.057,0],[0,-2.934],[0,0]],"o":[[-4.055,0],[0,0],[0,-2.934]],"v":[[7.344,0],[0,5.312],[14.688,5.312]],"c":true},"ix":2},"nm":"Path 1","mn":"ADBE Vector Shape - Group","hd":false},{"ty":"fl","c":{"a":0,"k":[0.850980392157,0.023529411765,0.345098039216,1],"ix":4},"o":{"a":0,"k":100,"ix":5},"r":1,"bm":0,"nm":"Fill 1","mn":"ADBE Vector Graphic - Fill","hd":false},{"ty":"tr","p":{"a":0,"k":[0,0],"ix":2},"a":{"a":0,"k":[0,0],"ix":1},"s":{"a":0,"k":[100,100],"ix":3},"r":{"a":0,"k":0,"ix":6},"o":{"a":0,"k":100,"ix":7},"sk":{"a":0,"k":0,"ix":4},"sa":{"a":0,"k":0,"ix":5},"nm":"Transform"}],"nm":"Path 4474","np":2,"cix":2,"bm":0,"ix":1,"mn":"ADBE Vector Group","hd":false}],"ip":0,"op":210.000008553475,"st":0,"bm":0},{"ddd":0,"ind":7,"ty":4,"nm":"eyewear","sr":1,"ks":{"o":{"a":0,"k":100,"ix":11},"r":{"a":1,"k":[{"i":{"x":[0.833],"y":[0.833]},"o":{"x":[0.167],"y":[0.167]},"t":6,"s":[0]},{"i":{"x":[0.833],"y":[0.833]},"o":{"x":[0.167],"y":[0.167]},"t":12,"s":[2]},{"i":{"x":[0.833],"y":[0.833]},"o":{"x":[0.167],"y":[0.167]},"t":19,"s":[-4]},{"i":{"x":[0.833],"y":[0.833]},"o":{"x":[0.167],"y":[0.167]},"t":24,"s":[0]},{"i":{"x":[0.833],"y":[0.833]},"o":{"x":[0.167],"y":[0.167]},"t":55,"s":[0]},{"i":{"x":[0.833],"y":[0.833]},"o":{"x":[0.167],"y":[0.167]},"t":61,"s":[2]},{"i":{"x":[0.833],"y":[0.833]},"o":{"x":[0.167],"y":[0.167]},"t":68,"s":[-4]},{"i":{"x":[0.833],"y":[0.833]},"o":{"x":[0.167],"y":[0.167]},"t":73,"s":[0]},{"i":{"x":[0.833],"y":[0.833]},"o":{"x":[0.167],"y":[0.167]},"t":128,"s":[0]},{"i":{"x":[0.833],"y":[0.833]},"o":{"x":[0.167],"y":[0.167]},"t":134,"s":[2]},{"i":{"x":[0.833],"y":[0.833]},"o":{"x":[0.167],"y":[0.167]},"t":141,"s":[-4]},{"i":{"x":[0.833],"y":[0.833]},"o":{"x":[0.167],"y":[0.167]},"t":146,"s":[0]},{"i":{"x":[0.833],"y":[0.833]},"o":{"x":[0.167],"y":[0.167]},"t":177,"s":[0]},{"i":{"x":[0.833],"y":[0.833]},"o":{"x":[0.167],"y":[0.167]},"t":183,"s":[2]},{"i":{"x":[0.833],"y":[0.833]},"o":{"x":[0.167],"y":[0.167]},"t":190,"s":[-4]},{"t":195.000007942513,"s":[0]}],"ix":10},"p":{"a":0,"k":[80.121,127.338,0],"ix":2},"a":{"a":0,"k":[71.781,28.74,0],"ix":1},"s":{"a":0,"k":[100,100,100],"ix":6}},"ao":0,"shapes":[{"ty":"gr","it":[{"ind":0,"ty":"sh","ix":1,"ks":{"a":0,"k":{"i":[[0.014,-11.571],[0,0],[-10.058,0.009],[0,0]],"o":[[0,0],[0.009,-10.058],[0,0],[-11.57,0.014]],"v":[[14.887,28.797],[17.629,28.797],[35.847,10.579],[35.847,7.837]],"c":true},"ix":2},"nm":"Path 1","mn":"ADBE Vector Shape - Group","hd":false},{"ind":1,"ty":"sh","ix":2,"ks":{"a":0,"k":{"i":[[0.014,-11.571],[0,0],[-10.058,0.009],[0,0]],"o":[[0,0],[0.009,-10.058],[0,0],[-11.57,0.014]],"v":[[14.887,28.797],[17.629,28.797],[35.847,10.579],[35.847,7.837]],"c":true},"ix":2},"nm":"Path 2","mn":"ADBE Vector Shape - Group","hd":false},{"ind":2,"ty":"sh","ix":3,"ks":{"a":0,"k":{"i":[[0.014,-11.571],[0,0],[-10.058,0.009],[0,0]],"o":[[0,0],[0.009,-10.058],[0,0],[-11.57,0.014]],"v":[[14.887,28.797],[17.629,28.797],[35.847,10.579],[35.847,7.837]],"c":true},"ix":2},"nm":"Path 3","mn":"ADBE Vector Shape - Group","hd":false},{"ind":3,"ty":"sh","ix":4,"ks":{"a":0,"k":{"i":[[0,0],[0.673,-0.001],[0,0],[15.829,-1.498],[2.856,-11.987],[4.37,-3.936],[0.27,-0.306],[15.476,-3.639],[1.164,-12.299],[0,0],[0,-1.401],[-1.401,0],[0,0],[-15.838,1.358],[-0.728,14.367],[-6.506,0],[0,0],[-15.876,0.805],[-1.228,14.333],[0,0],[-0.001,1.401],[0.476,0.476]],"o":[[-0.477,-0.475],[0,0],[-1.498,-15.83],[-12.269,1.161],[-3.936,-4.37],[-0.302,0.274],[-3.638,-15.476],[-12.026,2.827],[0,0],[-1.401,0],[0,1.401],[0,0],[1.358,15.837],[14.333,-1.228],[0,0],[6.755,0],[0.805,15.875],[14.367,-0.728],[0,0],[1.402,0],[0.001,-0.674],[0,0]],"v":[[142.874,26.823],[141.077,26.083],[136.432,26.083],[105.057,0.133],[79.763,22.122],[64.723,21.336],[63.863,22.205],[29.253,0.771],[7.182,26.083],[2.537,26.083],[0,28.619],[2.537,31.156],[7.142,31.156],[38.276,57.373],[64.562,30.155],[71.827,22.712],[78.997,30.155],[109.199,57.442],[136.417,31.156],[141.022,31.156],[143.562,28.619],[142.819,26.823]],"c":true},"ix":2},"nm":"Path 4","mn":"ADBE Vector Shape - Group","hd":false},{"ind":4,"ty":"sh","ix":5,"ks":{"a":0,"k":{"i":[[13.718,-0.005],[0.006,13.805],[0,0],[-13.803,-0.118],[0.117,-13.803]],"o":[[-13.805,-0.005],[0,0],[0.118,-13.803],[13.804,0.118],[-0.117,13.717]],"v":[[35.835,53.813],[10.834,28.812],[10.834,28.606],[36.04,3.826],[60.82,29.033]],"c":true},"ix":2},"nm":"Path 5","mn":"ADBE Vector Shape - Group","hd":false},{"ind":5,"ty":"sh","ix":6,"ks":{"a":0,"k":{"i":[[0,0],[13.808,0.002],[0.723,13.258],[0,0.451],[0,0],[-13.804,0.019],[-0.019,-13.804],[0,0]],"o":[[-0.002,13.808],[-13.277,-0.002],[0,-0.451],[0,0],[-0.019,-13.804],[13.804,-0.019],[0,0],[0,0]],"v":[[132.759,28.812],[107.754,53.81],[82.793,30.169],[82.765,28.812],[82.765,28.674],[107.726,3.646],[132.755,28.606],[132.755,28.606]],"c":true},"ix":2},"nm":"Path 6","mn":"ADBE Vector Shape - Group","hd":false},{"ty":"fl","c":{"a":0,"k":[0.356862745098,0.160784313725,1,1],"ix":4},"o":{"a":0,"k":100,"ix":5},"r":1,"bm":0,"nm":"Fill 1","mn":"ADBE Vector Graphic - Fill","hd":false},{"ty":"tr","p":{"a":0,"k":[0,0],"ix":2},"a":{"a":0,"k":[0,0],"ix":1},"s":{"a":0,"k":[100,100],"ix":3},"r":{"a":0,"k":0,"ix":6},"o":{"a":0,"k":100,"ix":7},"sk":{"a":0,"k":0,"ix":4},"sa":{"a":0,"k":0,"ix":5},"nm":"Transform"}],"nm":"eyewear","np":7,"cix":2,"bm":0,"ix":1,"mn":"ADBE Vector Group","hd":false}],"ip":0,"op":210.000008553475,"st":0,"bm":0},{"ddd":0,"ind":8,"ty":4,"nm":"Path 4473","sr":1,"ks":{"o":{"a":0,"k":100,"ix":11},"r":{"a":0,"k":0,"ix":10},"p":{"a":0,"k":[115.049,151.501,0],"ix":2},"a":{"a":0,"k":[46.35,76,0],"ix":1},"s":{"a":0,"k":[100,100,100],"ix":6}},"ao":0,"shapes":[{"ty":"gr","it":[{"ind":0,"ty":"sh","ix":1,"ks":{"a":0,"k":{"i":[[4.907,0.714],[0,0],[1.307,2.651],[0,0],[1.767,0.874],[2.2,-4.446],[0,0],[-2.559,-1.267],[-0.752,-1.521],[0,0],[-2.519,-0.365],[0,0],[0.614,-4.225],[1.218,-1.187],[0,0],[-0.43,-2.508],[0,0],[4.209,-0.72],[0.54,0.022],[0,0],[-1.945,0.332],[0.837,4.889],[0,0],[-2.116,2.063],[0,0],[-0.284,1.955]],"o":[[0,0],[-2.925,-0.424],[0,0],[-0.874,-1.767],[-4.445,-2.2],[0,0],[2.221,-1.469],[1.521,0.752],[0,0],[1.125,2.283],[0,0],[4.224,0.614],[-0.244,1.682],[0,0],[-1.822,1.776],[0,0],[0.721,4.208],[-0.539,0.092],[0,0],[1.747,0.919],[4.889,-0.836],[0,0],[-0.5,-2.913],[0,0],[1.414,-1.378],[0.714,-4.906]],"v":[[85.013,51.294],[45.661,45.576],[38.899,40.664],[21.302,5.005],[17.232,0.934],[5.199,5],[0,15.537],[7.699,15.051],[11.203,18.556],[26.353,49.254],[32.174,53.483],[66.053,58.407],[72.589,67.168],[70.335,71.591],[45.823,95.486],[43.598,102.33],[49.388,136.071],[43.071,144.994],[41.449,145.092],[52.626,150.969],[58.318,151.872],[65.656,141.506],[58.931,102.314],[61.514,94.365],[89.987,66.609],[92.605,61.471]],"c":true},"ix":2},"nm":"Path 1","mn":"ADBE Vector Shape - Group","hd":false},{"ty":"fl","c":{"a":0,"k":[0.996078431373,0.647058823529,0.278431372549,1],"ix":4},"o":{"a":0,"k":100,"ix":5},"r":1,"bm":0,"nm":"Fill 1","mn":"ADBE Vector Graphic - Fill","hd":false},{"ty":"tr","p":{"a":0,"k":[0,0],"ix":2},"a":{"a":0,"k":[0,0],"ix":1},"s":{"a":0,"k":[100,100],"ix":3},"r":{"a":0,"k":0,"ix":6},"o":{"a":0,"k":100,"ix":7},"sk":{"a":0,"k":0,"ix":4},"sa":{"a":0,"k":0,"ix":5},"nm":"Transform"}],"nm":"Path 4473","np":2,"cix":2,"bm":0,"ix":1,"mn":"ADBE Vector Group","hd":false}],"ip":0,"op":210.000008553475,"st":0,"bm":0},{"ddd":0,"ind":9,"ty":4,"nm":"polly","sr":1,"ks":{"o":{"a":0,"k":100,"ix":11},"r":{"a":0,"k":0,"ix":10},"p":{"a":0,"k":[81.949,151.5,0],"ix":2},"a":{"a":0,"k":[79.449,76,0],"ix":1},"s":{"a":0,"k":[100,100,100],"ix":6}},"ao":0,"shapes":[{"ty":"gr","it":[{"ind":0,"ty":"sh","ix":1,"ks":{"a":0,"k":{"i":[[-0.874,-1.767],[0,0],[-2.925,-0.424],[0,0],[0.713,-4.908],[1.414,-1.378],[0,0],[-0.499,-2.914],[0,0],[4.889,-0.836],[1.747,0.918],[0,0],[2.615,-1.377],[0,0],[2.307,4.389],[-0.334,1.945],[0,0],[2.114,2.065],[0,0],[-3.461,3.551],[-1.955,0.283],[0,0],[-1.308,2.651],[0,0],[-4.446,-2.2]],"o":[[0,0],[1.307,2.651],[0,0],[4.907,0.713],[-0.284,1.953],[0,0],[-2.116,2.064],[0,0],[0.836,4.888],[-1.946,0.333],[0,0],[-2.616,-1.377],[0,0],[-4.389,2.307],[-0.919,-1.748],[0,0],[0.499,-2.913],[0,0],[-3.551,-3.461],[1.379,-1.414],[0,0],[2.924,-0.425],[0,0],[2.199,-4.447],[1.767,0.874]],"v":[[87.5,5.005],[105.098,40.664],[111.86,45.576],[151.211,51.294],[158.804,61.472],[156.186,66.609],[127.713,94.364],[125.13,102.315],[131.856,141.506],[124.518,151.871],[118.824,150.969],[83.629,132.464],[75.271,132.464],[40.073,150.969],[27.949,147.198],[27.048,141.502],[33.768,102.311],[31.187,94.361],[2.711,66.605],[2.549,53.908],[7.689,51.29],[47.041,45.572],[53.801,40.66],[71.398,5.001],[83.431,0.933]],"c":true},"ix":2},"nm":"Path 1","mn":"ADBE Vector Shape - Group","hd":false},{"ty":"fl","c":{"a":0,"k":[1,0.756862745098,0.23137254902,1],"ix":4},"o":{"a":0,"k":100,"ix":5},"r":1,"bm":0,"nm":"Fill 1","mn":"ADBE Vector Graphic - Fill","hd":false},{"ty":"tr","p":{"a":0,"k":[0,0],"ix":2},"a":{"a":0,"k":[0,0],"ix":1},"s":{"a":0,"k":[100,100],"ix":3},"r":{"a":0,"k":0,"ix":6},"o":{"a":0,"k":100,"ix":7},"sk":{"a":0,"k":0,"ix":4},"sa":{"a":0,"k":0,"ix":5},"nm":"Transform"}],"nm":"polly","np":2,"cix":2,"bm":0,"ix":1,"mn":"ADBE Vector Group","hd":false}],"ip":0,"op":210.000008553475,"st":0,"bm":0},{"ddd":0,"ind":10,"ty":4,"nm":"Ellipse 1105","sr":1,"ks":{"o":{"a":0,"k":100,"ix":11},"r":{"a":0,"k":0,"ix":10},"p":{"a":0,"k":[81,228.25,0],"ix":2},"a":{"a":0,"k":[0,0,0],"ix":1},"s":{"a":0,"k":[100,100,100],"ix":6}},"ao":0,"shapes":[{"ty":"gr","it":[{"d":1,"ty":"el","s":{"a":0,"k":[146,24],"ix":2},"p":{"a":0,"k":[0,0],"ix":3},"nm":"Ellipse Path 1","mn":"ADBE Vector Shape - Ellipse","hd":false},{"ty":"op","nm":"Offset Paths 1","a":{"a":0,"k":-0.5,"ix":1},"lj":1,"ml":{"a":0,"k":4,"ix":3},"ix":3,"mn":"ADBE Vector Filter - Offset","hd":false},{"ty":"tr","p":{"a":0,"k":[0,0],"ix":2},"a":{"a":0,"k":[0,0],"ix":1},"s":{"a":0,"k":[100,100],"ix":3},"r":{"a":0,"k":0,"ix":6},"o":{"a":0,"k":100,"ix":7},"sk":{"a":0,"k":0,"ix":4},"sa":{"a":0,"k":0,"ix":5},"nm":"Transform"}],"nm":"Ellipse 1105 Stroke","np":3,"cix":2,"bm":0,"ix":1,"mn":"ADBE Vector Group","hd":false},{"ty":"gr","it":[{"d":1,"ty":"el","s":{"a":0,"k":[146,24],"ix":2},"p":{"a":0,"k":[0,0],"ix":3},"nm":"Ellipse Path 1","mn":"ADBE Vector Shape - Ellipse","hd":false},{"ty":"fl","c":{"a":0,"k":[0.862745098039,0.862745098039,0.862745098039,1],"ix":4},"o":{"a":0,"k":100,"ix":5},"r":1,"bm":0,"nm":"Fill 1","mn":"ADBE Vector Graphic - Fill","hd":false},{"ty":"tr","p":{"a":0,"k":[0,0],"ix":2},"a":{"a":0,"k":[0,0],"ix":1},"s":{"a":0,"k":[100,100],"ix":3},"r":{"a":0,"k":0,"ix":6},"o":{"a":0,"k":100,"ix":7},"sk":{"a":0,"k":0,"ix":4},"sa":{"a":0,"k":0,"ix":5},"nm":"Transform"}],"nm":"Ellipse 1105 Fill","np":2,"cix":2,"bm":0,"ix":2,"mn":"ADBE Vector Group","hd":false}],"ip":0,"op":1798.20007324219,"st":0,"bm":0}],"markers":[]}