{"v":"5.4.2","fr":29.9700012207031,"ip":0,"op":90.0000036657751,"w":500,"h":500,"nm":"Comp 1","ddd":0,"assets":[],"layers":[{"ddd":0,"ind":1,"ty":4,"nm":"hand Outlines","sr":1,"ks":{"o":{"a":1,"k":[{"i":{"x":[0.833],"y":[0.833]},"o":{"x":[0.167],"y":[0.167]},"n":["0p833_0p833_0p167_0p167"],"t":0,"s":[1],"e":[100]},{"i":{"x":[0.833],"y":[0.833]},"o":{"x":[0.167],"y":[0.167]},"n":["0p833_0p833_0p167_0p167"],"t":63,"s":[100],"e":[0]},{"t":89.0000036250443}],"ix":11},"r":{"a":1,"k":[{"i":{"x":[0.833],"y":[0.833]},"o":{"x":[0.167],"y":[0.167]},"n":["0p833_0p833_0p167_0p167"],"t":30,"s":[-7.403],"e":[69.597]},{"t":62.0000025253118}],"ix":10},"p":{"a":0,"k":[258,215,0],"ix":2},"a":{"a":0,"k":[27.203,41.344,0],"ix":1},"s":{"a":0,"k":[430.036,435.867,100],"ix":6}},"ao":0,"shapes":[{"ty":"gr","it":[{"ind":0,"ty":"sh","ix":1,"ks":{"a":0,"k":{"i":[[-1.637,-1.837],[0,0],[3.817,-2.449],[0,0],[2.182,1.225],[0,0],[0,0],[-0.545,0.612],[0,0],[0,0],[0,0],[-1.636,1.225],[-1.091,-1.837],[0,0],[0,0],[0,0],[-1.091,1.225],[-1.091,-1.837],[0,0],[0,0],[0,0],[-1.636,1.225],[-1.091,-1.837],[0,0],[0,0],[0,0],[-1.636,1.225]],"o":[[0,0],[3.272,5.512],[0,0],[-2.182,1.225],[0,0],[0,0],[0,-0.612],[0.545,0],[0,0],[0,0],[-1.091,-1.837],[1.636,-1.225],[0,0],[0,0],[0,0],[-1.091,-1.837],[1.636,-1.225],[0,0],[0,0],[0,0],[-1.091,-1.837],[1.636,-1.225],[0,0],[0,0],[0,0],[-1.091,-1.837],[2.182,-1.225]],"v":[[4.224,-28.255],[23.857,7.261],[22.222,21.957],[9.132,31.143],[2.587,31.755],[-22.5,21.957],[-21.955,17.059],[-20.864,15.222],[-19.773,14.609],[-8.866,15.222],[-25.228,-12.947],[-24.137,-18.458],[-19.228,-16.621],[-9.411,0.525],[-8.32,-0.7],[-21.41,-23.969],[-20.864,-29.48],[-15.956,-27.643],[-2.867,-4.374],[-1.23,-5.599],[-12.684,-26.418],[-12.138,-31.929],[-7.229,-30.092],[4.224,-9.273],[5.859,-10.497],[-1.776,-23.969],[-1.23,-29.48]],"c":true},"ix":2},"nm":"Path 1","mn":"ADBE Vector Shape - Group","hd":false},{"ty":"fl","c":{"a":0,"k":[0.999999820485,0.999999760646,0.999999820485,1],"ix":4},"o":{"a":0,"k":100,"ix":5},"r":1,"nm":"Fill 1","mn":"ADBE Vector Graphic - Fill","hd":false},{"ty":"tr","p":{"a":0,"k":[25.795,32.578],"ix":2},"a":{"a":0,"k":[0,0],"ix":1},"s":{"a":0,"k":[100,100],"ix":3},"r":{"a":0,"k":0,"ix":6},"o":{"a":0,"k":100,"ix":7},"sk":{"a":0,"k":0,"ix":4},"sa":{"a":0,"k":0,"ix":5},"nm":"Transform"}],"nm":"Group 1","np":4,"cix":2,"ix":1,"mn":"ADBE Vector Group","hd":false},{"ty":"st","c":{"a":0,"k":[1,0.198431486242,0.198431486242,1],"ix":3},"o":{"a":0,"k":100,"ix":4},"w":{"a":0,"k":2,"ix":5},"lc":1,"lj":1,"ml":4,"ml2":{"a":0,"k":4,"ix":8},"nm":"Stroke 1","mn":"ADBE Vector Graphic - Stroke","hd":false}],"ip":0,"op":90.0000036657751,"st":0,"bm":0},{"ddd":0,"ind":2,"ty":4,"nm":"phone Outlines","sr":1,"ks":{"o":{"a":0,"k":100,"ix":11},"r":{"a":0,"k":0,"ix":10},"p":{"a":0,"k":[250,250,0],"ix":2},"a":{"a":0,"k":[30,30,0],"ix":1},"s":{"a":0,"k":[723.333,776.667,100],"ix":6}},"ao":0,"shapes":[{"ty":"gr","it":[{"ind":0,"ty":"sh","ix":1,"ks":{"a":0,"k":{"i":[[0,0],[0,0],[0,0],[0,0]],"o":[[0,0],[0,0],[0,0],[0,0]],"v":[[13.08,14.948],[-13.079,14.948],[-13.079,-19.931],[13.08,-19.931]],"c":true},"ix":2},"nm":"Path 1","mn":"ADBE Vector Shape - Group","hd":false},{"ind":1,"ty":"sh","ix":2,"ks":{"a":0,"k":{"i":[[0,0],[0,0],[0,0],[0,0]],"o":[[0,0],[0,0],[0,0],[0,0]],"v":[[4.983,22.421],[-4.982,22.421],[-4.982,19.93],[4.983,19.93]],"c":true},"ix":2},"nm":"Path 2","mn":"ADBE Vector Shape - Group","hd":false},{"ind":2,"ty":"sh","ix":3,"ks":{"a":0,"k":{"i":[[-0.644,0],[0.644,0]],"o":[[0.645,0],[-0.645,0]],"v":[[7.252,-24.501],[7.252,-23.501]],"c":true},"ix":2},"nm":"Path 3","mn":"ADBE Vector Shape - Group","hd":false},{"ind":3,"ty":"sh","ix":4,"ks":{"a":0,"k":{"i":[[4.136,0],[0,0],[0,-4.136],[0,0],[-4.135,0],[0,0],[0,4.136],[0,0]],"o":[[0,0],[-4.135,0],[0,0],[0,4.136],[0,0],[4.136,0],[0,0],[0,-4.136]],"v":[[9.965,-27.405],[-9.965,-27.405],[-17.439,-19.931],[-17.439,19.93],[-9.965,27.405],[9.965,27.405],[17.439,19.93],[17.439,-19.931]],"c":true},"ix":2},"nm":"Path 4","mn":"ADBE Vector Shape - Group","hd":false},{"ty":"mm","mm":1,"nm":"Merge Paths 1","mn":"ADBE Vector Filter - Merge","hd":false},{"ty":"gs","o":{"a":0,"k":100,"ix":9},"w":{"a":0,"k":0.5,"ix":10},"g":{"p":3,"k":{"a":0,"k":[0,0,0,0,0.5,0,0,0,1,0,0,0],"ix":8}},"s":{"a":0,"k":[0,0],"ix":4},"e":{"a":0,"k":[100,0],"ix":5},"t":1,"lc":1,"lj":1,"ml":4,"ml2":{"a":0,"k":4,"ix":13},"d":[{"n":"d","nm":"dash","v":{"a":1,"k":[{"i":{"x":[0.833],"y":[0.833]},"o":{"x":[0.167],"y":[0.167]},"n":["0p833_0p833_0p167_0p167"],"t":0,"s":[0],"e":[10]},{"t":30.0000012219251}],"ix":1}},{"n":"o","nm":"offset","v":{"a":0,"k":0,"ix":7}}],"nm":"Gradient Stroke 1","mn":"ADBE Vector Graphic - G-Stroke","hd":false},{"ty":"fl","c":{"a":0,"k":[1,1,1,1],"ix":4},"o":{"a":0,"k":100,"ix":5},"r":1,"nm":"Fill 1","mn":"ADBE Vector Graphic - Fill","hd":false},{"ty":"tr","p":{"a":0,"k":[29.896,30.104],"ix":2},"a":{"a":0,"k":[0,0],"ix":1},"s":{"a":0,"k":[100,100],"ix":3},"r":{"a":0,"k":0,"ix":6},"o":{"a":0,"k":100,"ix":7},"sk":{"a":0,"k":0,"ix":4},"sa":{"a":0,"k":0,"ix":5},"nm":"Transform"}],"nm":"Group 1","np":7,"cix":2,"ix":1,"mn":"ADBE Vector Group","hd":false}],"ip":0,"op":90.0000036657751,"st":0,"bm":0}],"markers":[]}