{"v":"4.6.0","fr":25,"ip":0,"op":50,"w":500,"h":500,"nm":"as_phone_tilt","ddd":0,"assets":[],"layers":[{"ddd":0,"ind":1,"ty":4,"nm":"Shape Layer 2","ks":{"o":{"a":0,"k":100},"r":{"a":1,"k":[{"i":{"x":[0.667],"y":[1]},"o":{"x":[0.333],"y":[0]},"n":["0p667_1_0p333_0"],"t":0,"s":[-36.655],"e":[-20.554]},{"i":{"x":[0.667],"y":[1]},"o":{"x":[0.333],"y":[0]},"n":["0p667_1_0p333_0"],"t":25,"s":[-20.554],"e":[-36.655]},{"t":49}]},"p":{"a":1,"k":[{"i":{"x":0.667,"y":1},"o":{"x":0.333,"y":0},"n":"0p667_1_0p333_0","t":0,"s":[130.228,261.043,0],"e":[154.728,246.543,0],"to":[8.33333396911621,-8.91666698455811,0],"ti":[0,0,0]},{"i":{"x":0.667,"y":1},"o":{"x":0.333,"y":0},"n":"0p667_1_0p333_0","t":25,"s":[154.728,246.543,0],"e":[130.228,261.043,0],"to":[0,0,0],"ti":[6.83333349227905,-7.91666650772095,0]},{"t":49}]},"a":{"a":0,"k":[30,-14.313,0]},"s":{"a":0,"k":[-100,100,100]}},"ao":0,"shapes":[{"ty":"gr","it":[{"ind":2,"ty":"sh","ks":{"a":0,"k":{"i":[[0,0],[0,0],[0,0]],"o":[[0,0],[0,0],[0,0]],"v":[[9.75,6],[30,-14.25],[9.625,-34.625]],"c":false}},"nm":"Path 2","mn":"ADBE Vector Shape - Group"},{"ty":"st","c":{"a":0,"k":[0,0,0,1]},"o":{"a":0,"k":100},"w":{"a":0,"k":4},"lc":2,"lj":2,"nm":"Stroke 2","mn":"ADBE Vector Graphic - Stroke"},{"ty":"tr","p":{"a":0,"k":[0,0],"ix":2},"a":{"a":0,"k":[0,0],"ix":1},"s":{"a":0,"k":[100,100],"ix":3},"r":{"a":0,"k":0,"ix":6},"o":{"a":0,"k":100,"ix":7},"sk":{"a":0,"k":0,"ix":4},"sa":{"a":0,"k":0,"ix":5},"nm":"Transform"}],"nm":"Shape 1","np":4,"mn":"ADBE Vector Group"}],"ip":0,"op":63,"st":0,"bm":0,"sr":1},{"ddd":0,"ind":2,"ty":4,"nm":"arrow_curve 2","ks":{"o":{"a":0,"k":100},"r":{"a":0,"k":-20},"p":{"s":true,"x":{"a":0,"k":157.375},"y":{"a":0,"k":251}},"a":{"a":0,"k":[-0.875,-14.25,0]},"s":{"a":0,"k":[-100,100,100]}},"ao":0,"shapes":[{"ind":0,"ty":"sh","ks":{"a":0,"k":{"i":[[13.621,4.25],[19.016,-6.917]],"o":[[-17.537,-6.812],[-19.016,6.917]],"v":[[26.5,-14.25],[-38.25,-14.25]],"c":false}},"nm":"Path 1","mn":"ADBE Vector Shape - Group"},{"ty":"tm","s":{"a":1,"k":[{"i":{"x":[0.667],"y":[1]},"o":{"x":[0.333],"y":[0]},"n":["0p667_1_0p333_0"],"t":0,"s":[0],"e":[47]},{"i":{"x":[0.667],"y":[1]},"o":{"x":[0.333],"y":[0]},"n":["0p667_1_0p333_0"],"t":25,"s":[47],"e":[0]},{"t":49}],"ix":1},"e":{"a":0,"k":100,"ix":2},"o":{"a":0,"k":0,"ix":3},"m":1,"ix":2,"nm":"Trim Paths 1","mn":"ADBE Vector Filter - Trim"},{"ty":"st","c":{"a":0,"k":[0,0,0,1]},"o":{"a":0,"k":100},"w":{"a":0,"k":4},"lc":2,"lj":2,"nm":"Stroke 1","mn":"ADBE Vector Graphic - Stroke"}],"ip":0,"op":63,"st":0,"bm":0,"sr":1},{"ddd":0,"ind":3,"ty":4,"nm":"Shape Layer 1","ks":{"o":{"a":0,"k":100},"r":{"a":1,"k":[{"i":{"x":[0.667],"y":[1]},"o":{"x":[0.333],"y":[0]},"n":["0p667_1_0p333_0"],"t":0,"s":[20.554],"e":[36.655]},{"i":{"x":[0.667],"y":[1]},"o":{"x":[0.333],"y":[0]},"n":["0p667_1_0p333_0"],"t":25,"s":[36.655],"e":[20.554]},{"t":49}]},"p":{"a":1,"k":[{"i":{"x":0.667,"y":1},"o":{"x":0.333,"y":0},"n":"0p667_1_0p333_0","t":0,"s":[345.772,247.043,0],"e":[370.272,261.543,0],"to":[10.3333339691162,3.16666674613953,0],"ti":[0,0,0]},{"i":{"x":0.667,"y":1},"o":{"x":0.333,"y":0},"n":"0p667_1_0p333_0","t":25,"s":[370.272,261.543,0],"e":[345.772,247.043,0],"to":[0,0,0],"ti":[10.3333339691162,2.91666674613953,0]},{"t":49}]},"a":{"a":0,"k":[30,-14.313,0]},"s":{"a":0,"k":[100,100,100]}},"ao":0,"shapes":[{"ty":"gr","it":[{"ind":2,"ty":"sh","ks":{"a":0,"k":{"i":[[0,0],[0,0],[0,0]],"o":[[0,0],[0,0],[0,0]],"v":[[9.75,6],[30,-14.25],[9.625,-34.625]],"c":false}},"nm":"Path 2","mn":"ADBE Vector Shape - Group"},{"ty":"st","c":{"a":0,"k":[0,0,0,1]},"o":{"a":0,"k":100},"w":{"a":0,"k":4},"lc":2,"lj":2,"nm":"Stroke 2","mn":"ADBE Vector Graphic - Stroke"},{"ty":"tr","p":{"a":0,"k":[0,0],"ix":2},"a":{"a":0,"k":[0,0],"ix":1},"s":{"a":0,"k":[100,100],"ix":3},"r":{"a":0,"k":0,"ix":6},"o":{"a":0,"k":100,"ix":7},"sk":{"a":0,"k":0,"ix":4},"sa":{"a":0,"k":0,"ix":5},"nm":"Transform"}],"nm":"Shape 1","np":4,"mn":"ADBE Vector Group"}],"ip":0,"op":63,"st":0,"bm":0,"sr":1},{"ddd":0,"ind":4,"ty":4,"nm":"arrow_curve","ks":{"o":{"a":0,"k":100},"r":{"a":0,"k":20},"p":{"s":true,"x":{"a":0,"k":342.625},"y":{"a":0,"k":251}},"a":{"a":0,"k":[-0.875,-14.25,0]},"s":{"a":0,"k":[100,100,100]}},"ao":0,"shapes":[{"ind":0,"ty":"sh","ks":{"a":0,"k":{"i":[[13.621,4.25],[19.016,-6.917]],"o":[[-17.537,-6.812],[-19.016,6.917]],"v":[[26.5,-14.25],[-38.25,-14.25]],"c":false}},"nm":"Path 1","mn":"ADBE Vector Shape - Group"},{"ty":"tm","s":{"a":1,"k":[{"i":{"x":[0.667],"y":[1]},"o":{"x":[0.333],"y":[0]},"n":["0p667_1_0p333_0"],"t":0,"s":[47],"e":[0]},{"i":{"x":[0.667],"y":[1]},"o":{"x":[0.333],"y":[0]},"n":["0p667_1_0p333_0"],"t":25,"s":[0],"e":[47]},{"t":49}],"ix":1},"e":{"a":0,"k":100,"ix":2},"o":{"a":0,"k":0,"ix":3},"m":1,"ix":2,"nm":"Trim Paths 1","mn":"ADBE Vector Filter - Trim"},{"ty":"st","c":{"a":0,"k":[0,0,0,1]},"o":{"a":0,"k":100},"w":{"a":0,"k":4},"lc":2,"lj":2,"nm":"Stroke 1","mn":"ADBE Vector Graphic - Stroke"}],"ip":0,"op":63,"st":0,"bm":0,"sr":1},{"ddd":0,"ind":5,"ty":4,"nm":"as_phone_rotate Outlines","ks":{"o":{"a":0,"k":100},"r":{"a":1,"k":[{"i":{"x":[0.667],"y":[1]},"o":{"x":[0.333],"y":[0]},"n":["0p667_1_0p333_0"],"t":0,"s":[79.801],"e":[98.696]},{"i":{"x":[0.667],"y":[1]},"o":{"x":[0.333],"y":[0]},"n":["0p667_1_0p333_0"],"t":25,"s":[98.696],"e":[79.801]},{"t":49}]},"p":{"s":true,"x":{"a":0,"k":250},"y":{"a":0,"k":250}},"a":{"a":0,"k":[911.762,580.5,0]},"s":{"a":1,"k":[{"i":{"x":[0.667,0.667,0.667],"y":[0.667,1,0.667]},"o":{"x":[0.333,0.333,0.333],"y":[0.333,0,0.333]},"n":["0p667_0p667_0p333_0p333","0p667_1_0p333_0","0p667_0p667_0p333_0p333"],"t":0,"s":[100,78,100],"e":[100,100,100]},{"i":{"x":[0.667,0.667,0.667],"y":[0.667,1,0.667]},"o":{"x":[0.333,0.333,0.333],"y":[0.333,0,0.333]},"n":["0p667_0p667_0p333_0p333","0p667_1_0p333_0","0p667_0p667_0p333_0p333"],"t":12,"s":[100,100,100],"e":[100,78,100]},{"i":{"x":[0.667,0.667,0.667],"y":[0.667,1,0.667]},"o":{"x":[0.333,0.333,0.333],"y":[0.333,0,0.333]},"n":["0p667_0p667_0p333_0p333","0p667_1_0p333_0","0p667_0p667_0p333_0p333"],"t":25,"s":[100,78,100],"e":[100,100,100]},{"i":{"x":[0.667,0.667,0.667],"y":[0.667,1,0.667]},"o":{"x":[0.333,0.333,0.333],"y":[0.333,0,0.333]},"n":["0p667_0p667_0p333_0p333","0p667_1_0p333_0","0p667_0p667_0p333_0p333"],"t":38,"s":[100,100,100],"e":[100,78,100]},{"t":49}]}},"ao":0,"shapes":[{"ty":"gr","it":[{"ind":0,"ty":"sh","ks":{"a":0,"k":{"i":[[0,-1.669],[1.67,0],[0,1.67],[-1.669,0]],"o":[[0,1.67],[-1.669,0],[0,-1.669],[1.67,0]],"v":[[3.028,0],[0,3.028],[-3.028,0],[0,-3.027]],"c":true}},"nm":"Path 1","mn":"ADBE Vector Shape - Group"},{"ind":1,"ty":"sh","ks":{"a":0,"k":{"i":[[0,-3.881],[-3.881,0],[0,3.882],[3.882,0]],"o":[[0,3.882],[3.882,0],[0,-3.881],[-3.881,0]],"v":[[-7.028,0],[0,7.028],[7.028,0],[0,-7.027]],"c":true}},"nm":"Path 2","mn":"ADBE Vector Shape - Group"},{"ty":"mm","mm":1,"nm":"Merge Paths 1","mn":"ADBE Vector Filter - Merge"},{"ty":"fl","c":{"a":0,"k":[0,0,0,1]},"o":{"a":0,"k":100},"r":1,"nm":"Fill 1","mn":"ADBE Vector Graphic - Fill"},{"ty":"tr","p":{"a":0,"k":[972.669,580.5],"ix":2},"a":{"a":0,"k":[0,0],"ix":1},"s":{"a":0,"k":[100,100],"ix":3},"r":{"a":0,"k":0,"ix":6},"o":{"a":0,"k":100,"ix":7},"sk":{"a":0,"k":0,"ix":4},"sa":{"a":0,"k":0,"ix":5},"nm":"Transform"}],"nm":"Group 7","np":4,"mn":"ADBE Vector Group"},{"ty":"gr","it":[{"ind":0,"ty":"sh","ks":{"a":0,"k":{"i":[[0,1.104],[0,0],[1.104,0],[0,-1.105],[0,0],[-1.104,0]],"o":[[0,0],[0,-1.105],[-1.104,0],[0,0],[0,1.104],[1.104,0]],"v":[[2,0.391],[2,-0.391],[0,-2.391],[-2,-0.391],[-2,0.391],[0,2.391]],"c":true}},"nm":"Path 1","mn":"ADBE Vector Shape - Group"},{"ty":"fl","c":{"a":0,"k":[0,0,0,1]},"o":{"a":0,"k":100},"r":1,"nm":"Fill 1","mn":"ADBE Vector Graphic - Fill"},{"ty":"tr","p":{"a":0,"k":[840.703,593.185],"ix":2},"a":{"a":0,"k":[0,0],"ix":1},"s":{"a":0,"k":[100,100],"ix":3},"r":{"a":0,"k":0,"ix":6},"o":{"a":0,"k":100,"ix":7},"sk":{"a":0,"k":0,"ix":4},"sa":{"a":0,"k":0,"ix":5},"nm":"Transform"}],"nm":"Group 8","np":2,"mn":"ADBE Vector Group"},{"ty":"gr","it":[{"ind":0,"ty":"sh","ks":{"a":0,"k":{"i":[[0,1.104],[0,0],[1.104,0],[0,-1.105],[0,0],[-1.104,0]],"o":[[0,0],[0,-1.105],[-1.104,0],[0,0],[0,1.104],[1.104,0]],"v":[[2,9.76],[2,-9.76],[0,-11.76],[-2,-9.76],[-2,9.76],[0,11.76]],"c":true}},"nm":"Path 1","mn":"ADBE Vector Shape - Group"},{"ty":"fl","c":{"a":0,"k":[0,0,0,1]},"o":{"a":0,"k":100},"r":1,"nm":"Fill 1","mn":"ADBE Vector Graphic - Fill"},{"ty":"tr","p":{"a":0,"k":[840.703,577.185],"ix":2},"a":{"a":0,"k":[0,0],"ix":1},"s":{"a":0,"k":[100,100],"ix":3},"r":{"a":0,"k":0,"ix":6},"o":{"a":0,"k":100,"ix":7},"sk":{"a":0,"k":0,"ix":4},"sa":{"a":0,"k":0,"ix":5},"nm":"Transform"}],"nm":"Group 9","np":2,"mn":"ADBE Vector Group"},{"ty":"gr","it":[{"ind":0,"ty":"sh","ks":{"a":0,"k":{"i":[[0,-5.76],[0,0],[5.76,0],[0,0],[0,0],[0,0]],"o":[[0,0],[0,5.76],[0,0],[0,0],[0,0],[5.76,0]],"v":[[77.21,-26.16],[77.21,26.158],[66.764,36.605],[-61.25,36.604],[-61.25,-36.606],[66.764,-36.604]],"c":true}},"nm":"Path 1","mn":"ADBE Vector Shape - Group"},{"ind":1,"ty":"sh","ks":{"a":0,"k":{"i":[[0,5.76],[0,0],[-5.76,0],[0,0],[0,0],[0,0]],"o":[[0,0],[0,-5.76],[0,0],[0,0],[0,0],[-5.76,0]],"v":[[-77.21,26.158],[-77.21,-26.16],[-66.764,-36.606],[-65.25,-36.606],[-65.25,36.604],[-66.764,36.604]],"c":true}},"nm":"Path 2","mn":"ADBE Vector Shape - Group"},{"ind":2,"ty":"sh","ks":{"a":0,"k":{"i":[[0,-7.979],[0,0],[-7.979,0],[0,0],[0,7.979],[0,0],[7.978,0],[0,0]],"o":[[0,0],[0,7.979],[0,0],[7.978,0],[0,0],[0,-7.979],[0,0],[-7.979,0]],"v":[[-81.21,-26.16],[-81.21,26.158],[-66.764,40.604],[66.764,40.605],[81.21,26.158],[81.21,-26.16],[66.764,-40.606],[-66.764,-40.606]],"c":true}},"nm":"Path 3","mn":"ADBE Vector Shape - Group"},{"ty":"mm","mm":1,"nm":"Merge Paths 1","mn":"ADBE Vector Filter - Merge"},{"ty":"fl","c":{"a":0,"k":[0,0,0,1]},"o":{"a":0,"k":100},"r":1,"nm":"Fill 1","mn":"ADBE Vector Graphic - Fill"},{"ty":"tr","p":{"a":0,"k":[911.762,580.5],"ix":2},"a":{"a":0,"k":[0,0],"ix":1},"s":{"a":0,"k":[100,100],"ix":3},"r":{"a":0,"k":0,"ix":6},"o":{"a":0,"k":100,"ix":7},"sk":{"a":0,"k":0,"ix":4},"sa":{"a":0,"k":0,"ix":5},"nm":"Transform"}],"nm":"Group 10","np":5,"mn":"ADBE Vector Group"},{"ty":"gr","it":[{"ty":"rc","d":1,"s":{"a":0,"k":[162,81]},"p":{"a":0,"k":[0,0]},"r":{"a":0,"k":14},"nm":"Rectangle Path 1","mn":"ADBE Vector Shape - Rect"},{"ty":"fl","c":{"a":0,"k":[1,1,1,1]},"o":{"a":0,"k":100},"r":1,"nm":"Fill 1","mn":"ADBE Vector Graphic - Fill"},{"ty":"tr","p":{"a":0,"k":[911.262,581],"ix":2},"a":{"a":0,"k":[0,0],"ix":1},"s":{"a":0,"k":[100,100],"ix":3},"r":{"a":0,"k":0,"ix":6},"o":{"a":0,"k":100,"ix":7},"sk":{"a":0,"k":0,"ix":4},"sa":{"a":0,"k":0,"ix":5},"nm":"Transform"}],"nm":"Rectangle 1","np":3,"mn":"ADBE Vector Group"}],"ip":0,"op":63,"st":0,"bm":0,"sr":1}]}